Workbook

Sheet KCD-BIDANG
A1: DAFTAR MUTASI BARANG HABIS PAKAI TAHUN 2025
A2: ='REKAP PER KODERING&KENDALI'!AQ6 -> CABANG PENDIDIKAN WILAYAH X
N3: JANUARI | Z3: FEBRUARI | AL3: MARET | AX3: APRIL | BJ3: MEI | BV3: JUNI | CH3: JULI | CT3: AGUSTUS | DF3: SEPTEMBER | DR3: OKTOBER | ED3: NOVEMBER | EP3: DESEMBER | FE3: 48077787 | JB3: =SUBTOTAL(9,JB19:JB174) -> 199015533 | JF3: =SUBTOTAL(9,JF19:JF174) -> 198679952 | JJ3: =SUBTOTAL(9,JJ19:JJ174) -> 10636931 | JK3: =SUBTOTAL(9,JK19:JK174) -> 0
A4: NO | B4: PEMEGANG BARANG | C4: BARANG PERSEDIAAN | F4: WAJIB DIISI | J4: SALDO AWAL JANUARI 2025 | N4: MUTASI JANUARI 2025 | V4: SALDO 31 JANUARI 2025 | Z4: MUTASI FEBRUARI 2025 | AH4: SALDO 28 FEBRUARI 2025 | AL4: MUTASI MARET 2025 | AT4: SALDO 31 MARET 2025 | AX4: MUTASI APRIL 2025 | BF4: SALDO 30 APRIL 2025 | BJ4: MUTASI MEI 2025 | BR4: SALDO 31 MEI 2025 | BV4: MUTASI JUNI 2025 | CD4: SALDO 30 JUNI 2025 | CH4: MUTASI JULI 2025 | CP4: SALDO 31 JULI 2025 | CT4: MUTASI AGUSTUS 2025 | DB4: SALDO 31 AGUSTUS 2025 | DF4: MUTASI SEPTEMBER 2025 | DN4: SALDO 30 SEPTEMBER 2025 | DR4: MUTASI OKTOBER 2025 | DZ4: SALDO 31 OKTOBER 2025 | ED4: MUTASI NOVEMBER 2025 | EL4: SALDO 30 NOVEMBER 2025 | EP4: MUTASI DESEMBER 2025 | EX4: SALDO 31 DESEMBER 2025 | FB4: MUTASI MARET 2025 | FJ4: SALDO 31 MARET 2025 | FN4: MUTASI JUNI 2025 | FV4: SALDO 31 JUNI 2025 | FZ4: MUTASI SEMESTER 1 2025 | GH4: SALDO SEMESTER 1 2025 | GM4: MUTASI JULI, AGUSTUS DAN SEPTEMBER 2025 | GU4: SALDO TW III 2025 | GZ4: MUTASI TW III 2025 | HH4: SALDO s.d September 2025 | HL4: KAPITALISASI | HM4: ROUNDUP | IF4: ROUNDUP | IY4: MUTASI S.D OKTOBER 2025 | JG4: SALDO s.d OKTOBER 2025 | JK4: KAPITALISASI
N5: PENAMBAHAN | R5: PENGURANGAN | Z5: PENAMBAHAN | AD5: PENGURANGAN | AL5: PENAMBAHAN | AP5: PENGURANGAN | AX5: PENAMBAHAN | BB5: PENGURANGAN | BJ5: PENAMBAHAN | BN5: PENGURANGAN | BV5: PENAMBAHAN | BZ5: PENGURANGAN | CH5: PENAMBAHAN | CL5: PENGURANGAN | CT5: PENAMBAHAN | CX5: PENGURANGAN | DF5: PENAMBAHAN | DJ5: PENGURANGAN | DR5: PENAMBAHAN | DV5: PENGURANGAN | ED5: PENAMBAHAN | EH5: PENGURANGAN | EP5: PENAMBAHAN | ET5: PENGURANGAN | FB5: PENAMBAHAN | FF5: PENGURANGAN | FN5: PENAMBAHAN | FR5: PENGURANGAN | FZ5: PENAMBAHAN | GD5: PENGURANGAN | GM5: PENAMBAHAN | GQ5: PENGURANGAN | GZ5: PENAMBAHAN | HD5: PENGURANGAN | HM5: PENAMBAHAN | HS5: PENGURANGAN | HY5: SALDO | IF5: PENAMBAHAN | IL5: PENGURANGAN | IR5: SALDO | IY5: PENAMBAHAN | JC5: PENGURANGAN
C6: KODE REKENING | E6: NAMA BARANG | F6: MERK Jika tidak ada isi dengan CV/PT | G6: NO TBP/FAKTUR/ KWITANSI | H6: NO BAST | I6: Tanggal/Bulan/Tahun BAST | J6: VOLUME | K6: SATUAN | L6: HARGA SATUAN | M6: JUMLAH (Rp) | N6: VOLUME | O6: SATUAN | P6: HARGA SATUAN | Q6: JUMLAH (Rp) | R6: VOLUME | S6: SATUAN | T6: HARGA SATUAN | U6: JUMLAH (Rp) | V6: VOLUME | W6: SATUAN | X6: HARGA SATUAN | Y6: JUMLAH (Rp) | Z6: VOLUME | AA6: SATUAN | AB6: HARGA SATUAN | AC6: JUMLAH (Rp) | AD6: VOLUME | AE6: SATUAN | AF6: HARGA SATUAN | AG6: JUMLAH (Rp) | AH6: VOLUME | AI6: SATUAN | AJ6: HARGA SATUAN | AK6: JUMLAH (Rp) | AL6: VOLUME | AM6: SATUAN | AN6: HARGA SATUAN | AO6: JUMLAH (Rp) | AP6: VOLUME | AQ6: SATUAN | AR6: HARGA SATUAN | AS6: JUMLAH (Rp) | AT6: VOLUME | AU6: SATUAN | AV6: HARGA SATUAN | AW6: JUMLAH (Rp) | AX6: VOLUME | AY6: SATUAN | AZ6: HARGA SATUAN | BA6: JUMLAH (Rp) | BB6: VOLUME | BC6: SATUAN | BD6: HARGA SATUAN | BE6: JUMLAH (Rp) | BF6: VOLUME | BG6: SATUAN | BH6: HARGA SATUAN | BI6: JUMLAH (Rp) | BJ6: VOLUME | BK6: SATUAN | BL6: HARGA SATUAN | BM6: JUMLAH (Rp) | BN6: VOLUME | BO6: SATUAN | BP6: HARGA SATUAN | BQ6: JUMLAH (Rp) | BR6: VOLUME | BS6: SATUAN | BT6: HARGA SATUAN | BU6: JUMLAH (Rp) | BV6: VOLUME | BW6: SATUAN | BX6: HARGA SATUAN | BY6: JUMLAH (Rp) | BZ6: VOLUME | CA6: SATUAN | CB6: HARGA SATUAN | CC6: JUMLAH (Rp) | CD6: VOLUME | CE6: SATUAN | CF6: HARGA SATUAN | CG6: JUMLAH (Rp) | CH6: VOLUME | CI6: SATUAN | CJ6: HARGA SATUAN | CK6: JUMLAH (Rp) | CL6: VOLUME | CM6: SATUAN | CN6: HARGA SATUAN | CO6: JUMLAH (Rp) | CP6: VOLUME | CQ6: SATUAN | CR6: HARGA SATUAN | CS6: JUMLAH (Rp) | CT6: VOLUME | CU6: SATUAN | CV6: HARGA SATUAN | CW6: JUMLAH (Rp) | CX6: VOLUME | CY6: SATUAN | CZ6: HARGA SATUAN | DA6: JUMLAH (Rp) | DB6: VOLUME | DC6: SATUAN | DD6: HARGA SATUAN | DE6: JUMLAH (Rp) | DF6: VOLUME | DG6: SATUAN | DH6: HARGA SATUAN | DI6: JUMLAH (Rp) | DJ6: VOLUME | DK6: SATUAN | DL6: HARGA SATUAN | DM6: JUMLAH (Rp) | DN6: VOLUME | DO6: SATUAN | DP6: HARGA SATUAN | DQ6: JUMLAH (Rp) | DR6: VOLUME | DS6: SATUAN | DT6: HARGA SATUAN | DU6: JUMLAH (Rp) | DV6: VOLUME | DW6: SATUAN | DX6: HARGA SATUAN | DY6: JUMLAH (Rp) | DZ6: VOLUME | EA6: SATUAN | EB6: HARGA SATUAN | EC6: JUMLAH (Rp) | ED6: VOLUME | EE6: SATUAN | EF6: HARGA SATUAN | EG6: JUMLAH (Rp) | EH6: VOLUME | EI6: SATUAN | EJ6: HARGA SATUAN | EK6: JUMLAH (Rp) | EL6: VOLUME | EM6: SATUAN | EN6: HARGA SATUAN | EO6: JUMLAH (Rp) | EP6: VOLUME | EQ6: SATUAN | ER6: HARGA SATUAN | ES6: JUMLAH (Rp) | ET6: VOLUME | EU6: SATUAN | EV6: HARGA SATUAN | EW6: JUMLAH (Rp) | EX6: VOLUME | EY6: SATUAN | EZ6: HARGA SATUAN | FA6: JUMLAH (Rp) | FB6: VOLUME | FC6: SATUAN | FD6: HARGA SATUAN | FE6: JUMLAH (Rp) | FF6: VOLUME | FG6: SATUAN | FH6: HARGA SATUAN | FI6: JUMLAH (Rp) | FJ6: VOLUME | FK6: SATUAN | FL6: HARGA SATUAN | FM6: JUMLAH (Rp) | FN6: VOLUME | FO6: SATUAN | FP6: HARGA SATUAN | FQ6: JUMLAH (Rp) | FR6: VOLUME | FS6: SATUAN | FT6: HARGA SATUAN | FU6: JUMLAH (Rp) | FV6: VOLUME | FW6: SATUAN | FX6: HARGA SATUAN | FY6: JUMLAH (Rp) | FZ6: VOLUME | GA6: SATUAN | GB6: HARGA SATUAN | GC6: JUMLAH (Rp) | GD6: VOLUME | GE6: SATUAN | GF6: HARGA SATUAN | GG6: JUMLAH (Rp) | GH6: VOLUME | GI6: SATUAN | GJ6: HARGA SATUAN | GK6: JUMLAH (Rp) | GM6: VOLUME | GN6: SATUAN | GO6: HARGA SATUAN | GP6: JUMLAH (Rp) | GQ6: VOLUME | GR6: SATUAN | GS6: HARGA SATUAN | GT6: JUMLAH (Rp) | GU6: VOLUME | GV6: SATUAN | GW6: HARGA SATUAN | GX6: JUMLAH (Rp) | GZ6: VOLUME | HA6: SATUAN | HB6: HARGA SATUAN | HC6: JUMLAH (Rp) | HD6: VOLUME | HE6: SATUAN | HF6: HARGA SATUAN | HG6: JUMLAH (Rp) | HH6: VOLUME | HI6: SATUAN | HJ6: HARGA SATUAN | HK6: JUMLAH (Rp) | HM6: VOLUME | HN6: SELISIH | HO6: HARGA SATUAN | HP6: SELISIH | HQ6: JUMLAH (Rp) | HR6: SELISIH | HS6: VOLUME | HT6: SELISIH | HU6: HARGA SATUAN | HV6: SELISIH | HW6: JUMLAH (Rp) | HX6: SELISIH | HY6: VOLUME | HZ6: SELISIH | IA6: HARGA SATUAN | IB6: SELISIH | IC6: JUMLAH (Rp) | ID6: SELISIH | IF6: VOLUME | IG6: SELISIH | IH6: HARGA SATUAN | II6: SELISIH | IJ6: JUMLAH (Rp) | IK6: SELISIH | IL6: VOLUME | IM6: SELISIH | IN6: HARGA SATUAN | IO6: SELISIH | IP6: JUMLAH (Rp) | IQ6: SELISIH | IR6: VOLUME | IS6: SELISIH | IT6: HARGA SATUAN | IU6: SELISIH | IV6: JUMLAH (Rp) | IW6: SELISIH | IY6: VOLUME | IZ6: SATUAN | JA6: HARGA SATUAN | JB6: JUMLAH (Rp) | JC6: VOLUME | JD6: SATUAN | JE6: HARGA SATUAN | JF6: JUMLAH (Rp) | JG6: VOLUME | JH6: SATUAN | JI6: HARGA SATUAN | JJ6: JUMLAH (Rp)
A7: 1 | B7: 2 | C7: 3 | D7: 4 | E7: 5 | J7: 6 | K7: 7 | L7: 8 | M7: 9 = (6x8) | N7: 10 | O7: 11 | P7: 12 | Q7: 13 = (10x12) | R7: 14 | S7: 15 | T7: 16 | U7: 17 = (14x16) | V7: 18 | W7: 19 | X7: 20 | Y7: 21 = (18x20) | Z7: 10 | AA7: 11 | AB7: 12 | AC7: 13 = (10x12) | AD7: 14 | AE7: 15 | AF7: 16 | AG7: 17 = (14x16) | AH7: 18 | AI7: 19 | AJ7: 20 | AK7: 21 = (18x20) | AL7: 10 | AM7: 11 | AN7: 12 | AO7: 13 = (10x12) | AP7: 14 | AQ7: 15 | AR7: 16 | AS7: 17 = (14x16) | AT7: 18 | AU7: 19 | AV7: 20 | AW7: 21 = (18x20) | AX7: 10 | AY7: 11 | AZ7: 12 | BA7: 13 = (10x12) | BB7: 14 | BC7: 15 | BD7: 16 | BE7: 17 = (14x16) | BF7: 18 | BG7: 19 | BH7: 20 | BI7: 21 = (18x20) | BJ7: 10 | BK7: 11 | BL7: 12 | BM7: 13 = (10x12) | BN7: 14 | BO7: 15 | BP7: 16 | BQ7: 17 = (14x16) | BR7: 18 | BS7: 19 | BT7: 20 | BU7: 21 = (18x20) | BV7: 10 | BW7: 11 | BX7: 12 | BY7: 13 = (10x12) | BZ7: 14 | CA7: 15 | CB7: 16 | CC7: 17 = (14x16) | CD7: 18 | CE7: 19 | CF7: 20 | CG7: 21 = (18x20) | CH7: 10 | CI7: 11 | CJ7: 12 | CK7: 13 = (10x12) | CL7: 14 | CM7: 15 | CN7: 16 | CO7: 17 = (14x16) | CP7: 18 | CQ7: 19 | CR7: 20 | CS7: 21 = (18x20) | CT7: 10 | CU7: 11 | CV7: 12 | CW7: 13 = (10x12) | CX7: 14 | CY7: 15 | CZ7: 16 | DA7: 17 = (14x16) | DB7: 18 | DC7: 19 | DD7: 20 | DE7: 21 = (18x20) | DF7: 10 | DG7: 11 | DH7: 12 | DI7: 13 = (10x12) | DJ7: 14 | DK7: 15 | DL7: 16 | DM7: 17 = (14x16) | DN7: 18 | DO7: 19 | DP7: 20 | DQ7: 21 = (18x20) | DR7: 10 | DS7: 11 | DT7: 12 | DU7: 13 = (10x12) | DV7: 14 | DW7: 15 | DX7: 16 | DY7: 17 = (14x16) | DZ7: 18 | EA7: 19 | EB7: 20 | EC7: 21 = (18x20) | ED7: 10 | EE7: 11 | EF7: 12 | EG7: 13 = (10x12) | EH7: 14 | EI7: 15 | EJ7: 16 | EK7: 17 = (14x16) | EL7: 18 | EM7: 19 | EN7: 20 | EO7: 21 = (18x20) | EP7: 10 | EQ7: 11 | ER7: 12 | ES7: 13 = (10x12) | ET7: 14 | EU7: 15 | EV7: 16 | EW7: 17 = (14x16) | EX7: 18 | EY7: 19 | EZ7: 20 | FA7: 21 = (18x20) | FB7: 10 | FC7: 11 | FD7: 12 | FE7: 13 = (10x12) | FF7: 14 | FG7: 15 | FH7: 16 | FI7: 17 = (14x16) | FJ7: 18 | FK7: 19 | FL7: 20 | FM7: 21 = (18x20) | FN7: 10 | FO7: 11 | FP7: 12 | FQ7: 13 = (10x12) | FR7: 14 | FS7: 15 | FT7: 16 | FU7: 17 = (14x16) | FV7: 18 | FW7: 19 | FX7: 20 | FY7: 21 = (18x20) | FZ7: 10 | GA7: 11 | GB7: 12 | GC7: 13 = (10x12) | GD7: 14 | GE7: 15 | GF7: 16 | GG7: 17 = (14x16) | GH7: 18 | GI7: 19 | GJ7: 20 | GK7: 21 = (18x20) | GM7: 10 | GN7: 11 | GO7: 12 | GP7: 13 = (10x12) | GQ7: 14 | GR7: 15 | GS7: 16 | GT7: 17 = (14x16) | GU7: 18 | GV7: 19 | GW7: 20 | GX7: 21 = (18x20) | GZ7: 10 | HA7: 11 | HB7: 12 | HC7: 13 = (10x12) | HD7: 14 | HE7: 15 | HF7: 16 | HG7: 17 = (14x16) | HH7: 18 | HI7: 19 | HJ7: 20 | HK7: 21 = (18x20) | IY7: 10 | IZ7: 11 | JA7: 12 | JB7: 13 = (10x12) | JC7: 14 | JD7: 15 | JE7: 16 | JF7: 17 = (14x16) | JG7: 18 | JH7: 19 | JI7: 20 | JJ7: 21 = (18x20)
A8: 1 | B8: SEKRE/BIDANG/CADISDIK | C8: 5.1.02.01.01.0001 | D8: Bahan-Bahan Bangunan dan Konstruksi
D9: 1 | M9: =J9*L9 -> 0 | Q9: =N9*P9 -> 0 | S9: =O9 -> 0 | T9: =P9 -> 0 | U9: =R9*T9 -> 0 | V9: =J9+N9-R9 -> 0 | W9: =O9 -> 0 | X9: =P9 -> 0 | Y9: =V9*X9 -> 0 | AC9: =Z9*AB9 -> 0 | AE9: =AA9 -> 0 | AF9: =AB9 -> 0 | AG9: =AD9*AF9 -> 0 | AH9: =V9+Z9-AD9 -> 0 | AI9: =AA9 -> 0 | AJ9: =AB9 -> 0 | AK9: =AH9*AJ9 -> 0 | AO9: =AL9*AN9 -> 0 | AQ9: =AM9 -> 0 | AR9: =AN9 -> 0 | AS9: =AP9*AR9 -> 0 | AT9: =AH9+AL9-AP9 -> 0 | AU9: =AM9 -> 0 | AV9: =AN9 -> 0 | AW9: =AT9*AV9 -> 0 | BA9: =AX9*AZ9 -> 0 | BC9: =AY9 -> 0 | BD9: =AZ9 -> 0 | BE9: =BB9*BD9 -> 0 | BF9: =AT9+AX9-BB9 -> 0 | BG9: =AY9 -> 0 | BH9: =AZ9 -> 0 | BI9: =BF9*BH9 -> 0 | BM9: =BJ9*BL9 -> 0 | BO9: =BK9 -> 0 | BP9: =BL9 -> 0 | BQ9: =BN9*BP9 -> 0 | BR9: =BF9+BJ9-BN9 -> 0 | BS9: =BK9 -> 0 | BT9: =BL9 -> 0 | BU9: =BR9*BT9 -> 0 | BY9: =BV9*BX9 -> 0 | CA9: =BW9 -> 0 | CB9: =BX9 -> 0 | CC9: =BZ9*CB9 -> 0 | CD9: =BR9+BV9-BZ9 -> 0 | CE9: =BW9 -> 0 | CF9: =BX9 -> 0 | CG9: =CD9*CF9 -> 0 | CI9: =CE9 -> 0 | CJ9: =CF9 -> 0 | CK9: =CH9*CJ9 -> 0 | CM9: =CI9 -> 0 | CN9: =CJ9 -> 0 | CO9: =CL9*CN9 -> 0 | CP9: =CD9+CH9-CL9 -> 0 | CQ9: =CI9 -> 0 | CR9: =CJ9 -> 0 | CS9: =CP9*CR9 -> 0 | CU9: =CQ9 -> 0 | CV9: =CR9 -> 0 | CW9: =CT9*CV9 -> 0 | CY9: =CU9 -> 0 | CZ9: =CV9 -> 0 | DA9: =CX9*CZ9 -> 0 | DB9: =CP9+CT9-CX9 -> 0 | DC9: =CU9 -> 0 | DD9: =CV9 -> 0 | DE9: =DB9*DD9 -> 0 | DG9: =DC9 -> 0 | DH9: =DD9 -> 0 | DI9: =DF9*DH9 -> 0 | DK9: =DG9 -> 0 | DL9: =DH9 -> 0 | DM9: =DJ9*DL9 -> 0 | DN9: =DB9+DF9-DJ9 -> 0 | DO9: =DG9 -> 0 | DP9: =DH9 -> 0 | DQ9: =DN9*DP9 -> 0 | DS9: =DO9 -> 0 | DT9: =DP9 -> 0 | DU9: =DR9*DT9 -> 0 | DW9: =DS9 -> 0 | DX9: =DT9 -> 0 | DY9: =DV9*DX9 -> 0 | DZ9: =DN9+DR9-DV9 -> 0 | EA9: =DS9 -> 0 | EB9: =DT9 -> 0 | EC9: =DZ9*EB9 -> 0 | EE9: =EA9 -> 0 | EF9: =EB9 -> 0 | EG9: =ED9*EF9 -> 0 | EI9: =EE9 -> 0 | EJ9: =EF9 -> 0 | EK9: =EH9*EJ9 -> 0 | EL9: =DZ9+ED9-EH9 -> 0 | EM9: =EE9 -> 0 | EN9: =EF9 -> 0 | EO9: =EL9*EN9 -> 0 | EQ9: =EM9 -> 0 | ER9: =EN9 -> 0 | ES9: =EP9*ER9 -> 0 | EU9: =EQ9 -> 0 | EV9: =ER9 -> 0 | EW9: =ET9*EV9 -> 0 | EX9: =EL9+EP9-ET9 -> 0 | EY9: =EQ9 -> 0 | EZ9: =ER9 -> 0 | FA9: =EX9*EZ9 -> 0 | FB9: =N9+Z9+AL9 -> 0 | FC9: =AU9 -> 0 | FD9: =AV9 -> 0 | FE9: =FB9*FD9 -> 0 | FF9: =R9+AD9+AP9 -> 0 | FG9: =FC9 -> 0 | FH9: =FD9 -> 0 | FI9: =FF9*FH9 -> 0 | FJ9: =J9+FB9-FF9 -> 0 | FK9: =FG9 -> 0 | FL9: =FH9 -> 0 | FM9: =FJ9*FL9 -> 0 | FN9: =AX9+BJ9+BV9 -> 0 | FO9: =FK9 -> 0 | FP9: =FL9 -> 0 | FQ9: =FN9*FP9 -> 0 | FR9: =BB9+BN9+BZ9 -> 0 | FS9: =FO9 -> 0 | FT9: =FP9 -> 0 | FU9: =FR9*FT9 -> 0 | FV9: =FJ9+FN9-FR9 -> 0 | FW9: =FS9 -> 0 | FX9: =FT9 -> 0 | FY9: =FV9*FX9 -> 0 | FZ9: =FB9+FN9 -> 0 | GA9: =FW9 -> 0 | GB9: =FX9 -> 0 | GC9: =FZ9*GB9 -> 0 | GD9: =FF9+FR9 -> 0 | GE9: =GA9 -> 0 | GF9: =GB9 -> 0 | GG9: =GD9*GF9 -> 0 | GH9: =J9+FZ9-GD9 -> 0 | GI9: =GE9 -> 0 | GJ9: =GF9 -> 0 | GK9: =GH9*GJ9 -> 0 | GM9: =CH9+CT9+DF9 -> 0 | GN9: =DO9 -> 0 | GO9: =DP9 -> 0 | GP9: =GM9*GO9 -> 0 | GQ9: =CL9+CX9+DJ9 -> 0 | GR9: =GN9 -> 0 | GS9: =GO9 -> 0 | GT9: =GQ9*GS9 -> 0 | GU9: =GH9+GM9-GQ9 -> 0 | GV9: =GR9 -> 0 | GW9: =GS9 -> 0 | GX9: =GU9*GW9 -> 0 | GZ9: =FZ9+GM9 -> 0 | HA9: =GV9 -> 0 | HB9: =GW9 -> 0 | HC9: =GZ9*HB9 -> 0 | HD9: =GD9+GQ9 -> 0 | HE9: =HA9 -> 0 | HF9: =HB9 -> 0 | HG9: =HD9*HF9 -> 0 | HH9: =J9+GZ9-HD9 -> 0 | HI9: =HE9 -> 0 | HJ9: =HF9 -> 0 | HK9: =HH9*HJ9 -> 0 | HM9: =ROUNDUP(GZ9,0) -> 0 | HN9: =GZ9-HM9 -> 0 | HO9: =ROUNDUP(HB9,0) -> 0 | HP9: =HB9-HO9 -> 0 | HQ9: =ROUNDUP(HC9,0) -> 0 | HR9: =HC9-HQ9 -> 0 | HS9: =ROUNDUP(HD9,0) -> 0 | HT9: =HD9-HS9 -> 0 | HU9: =ROUNDUP(HF9,0) -> 0 | HV9: =HF9-HU9 -> 0 | HW9: =ROUNDUP(HG9,0) -> 0 | HX9: =HG9-HW9 -> 0 | HY9: =ROUNDUP(HH9,0) -> 0 | HZ9: =HH9-HY9 -> 0 | IA9: =ROUNDUP(HJ9,0) -> 0 | IB9: =HJ9-IA9 -> 0 | IC9: =ROUNDUP(HK9,0) -> 0 | ID9: =HK9-IC9 -> 0 | IF9: =ROUNDUP(DR9,0) -> 0 | IG9: =DR9-IF9 -> 0 | IH9: =ROUNDUP(DT9,0) -> 0 | II9: =DT9-IH9 -> 0 | IJ9: =ROUNDUP(DU9,0) -> 0 | IK9: =DU9-IJ9 -> 0 | IL9: =ROUNDUP(DV9,0) -> 0 | IM9: =DV9-IL9 -> 0 | IN9: =ROUNDUP(DX9,0) -> 0 | IO9: =DX9-IN9 -> 0 | IP9: =ROUNDUP(DY9,0) -> 0 | IQ9: =DY9-IP9 -> 0 | IR9: =ROUNDUP(DZ9,0) -> 0 | IS9: =DZ9-IR9 -> 0 | IT9: =ROUNDUP(EB9,0) -> 0 | IU9: =EB9-IT9 -> 0 | IV9: =ROUNDUP(EC9,0) -> 0 | IW9: =EC9-IV9 -> 0
D10: 2 | M10: =J10*L10 -> 0 | Q10: =N10*P10 -> 0 | S10: =O10 -> 0 | T10: =P10 -> 0 | U10: =R10*T10 -> 0 | V10: =J10+N10-R10 -> 0 | W10: =O10 -> 0 | X10: =P10 -> 0 | Y10: =V10*X10 -> 0 | AC10: =Z10*AB10 -> 0 | AE10: =AA10 -> 0 | AF10: =AB10 -> 0 | AG10: =AD10*AF10 -> 0 | AH10: =V10+Z10-AD10 -> 0 | AI10: =AA10 -> 0 | AJ10: =AB10 -> 0 | AK10: =AH10*AJ10 -> 0 | AO10: =AL10*AN10 -> 0 | AQ10: =AM10 -> 0 | AR10: =AN10 -> 0 | AS10: =AP10*AR10 -> 0 | AT10: =AH10+AL10-AP10 -> 0 | AU10: =AM10 -> 0 | AV10: =AN10 -> 0 | AW10: =AT10*AV10 -> 0 | BA10: =AX10*AZ10 -> 0 | BC10: =AY10 -> 0 | BD10: =AZ10 -> 0 | BE10: =BB10*BD10 -> 0 | BF10: =AT10+AX10-BB10 -> 0 | BG10: =AY10 -> 0 | BH10: =AZ10 -> 0 | BI10: =BF10*BH10 -> 0 | BM10: =BJ10*BL10 -> 0 | BO10: =BK10 -> 0 | BP10: =BL10 -> 0 | BQ10: =BN10*BP10 -> 0 | BR10: =BF10+BJ10-BN10 -> 0 | BS10: =BK10 -> 0 | BT10: =BL10 -> 0 | BU10: =BR10*BT10 -> 0 | BY10: =BV10*BX10 -> 0 | CA10: =BW10 -> 0 | CB10: =BX10 -> 0 | CC10: =BZ10*CB10 -> 0 | CD10: =BR10+BV10-BZ10 -> 0 | CE10: =BW10 -> 0 | CF10: =BX10 -> 0 | CG10: =CD10*CF10 -> 0 | CI10: =CE10 -> 0 | CJ10: =CF10 -> 0 | CK10: =CH10*CJ10 -> 0 | CM10: =CI10 -> 0 | CN10: =CJ10 -> 0 | CO10: =CL10*CN10 -> 0 | CP10: =CD10+CH10-CL10 -> 0 | CQ10: =CI10 -> 0 | CR10: =CJ10 -> 0 | CS10: =CP10*CR10 -> 0 | CU10: =CQ10 -> 0 | CV10: =CR10 -> 0 | CW10: =CT10*CV10 -> 0 | CY10: =CU10 -> 0 | CZ10: =CV10 -> 0 | DA10: =CX10*CZ10 -> 0 | DB10: =CP10+CT10-CX10 -> 0 | DC10: =CU10 -> 0 | DD10: =CV10 -> 0 | DE10: =DB10*DD10 -> 0 | DG10: =DC10 -> 0 | DH10: =DD10 -> 0 | DI10: =DF10*DH10 -> 0 | DK10: =DG10 -> 0 | DL10: =DH10 -> 0 | DM10: =DJ10*DL10 -> 0 | DN10: =DB10+DF10-DJ10 -> 0 | DO10: =DG10 -> 0 | DP10: =DH10 -> 0 | DQ10: =DN10*DP10 -> 0 | DS10: =DO10 -> 0 | DT10: =DP10 -> 0 | DU10: =DR10*DT10 -> 0 | DW10: =DS10 -> 0 | DX10: =DT10 -> 0 | DY10: =DV10*DX10 -> 0 | DZ10: =DN10+DR10-DV10 -> 0 | EA10: =DS10 -> 0 | EB10: =DT10 -> 0 | EC10: =DZ10*EB10 -> 0 | EE10: =EA10 -> 0 | EF10: =EB10 -> 0 | EG10: =ED10*EF10 -> 0 | EI10: =EE10 -> 0 | EJ10: =EF10 -> 0 | EK10: =EH10*EJ10 -> 0 | EL10: =DZ10+ED10-EH10 -> 0 | EM10: =EE10 -> 0 | EN10: =EF10 -> 0 | EO10: =EL10*EN10 -> 0 | EQ10: =EM10 -> 0 | ER10: =EN10 -> 0 | ES10: =EP10*ER10 -> 0 | EU10: =EQ10 -> 0 | EV10: =ER10 -> 0 | EW10: =ET10*EV10 -> 0 | EX10: =EL10+EP10-ET10 -> 0 | EY10: =EQ10 -> 0 | EZ10: =ER10 -> 0 | FA10: =EX10*EZ10 -> 0 | FB10: =N10+Z10+AL10 -> 0 | FC10: =AU10 -> 0 | FD10: =AV10 -> 0 | FE10: =FB10*FD10 -> 0 | FF10: =R10+AD10+AP10 -> 0 | FG10: =FC10 -> 0 | FH10: =FD10 -> 0 | FI10: =FF10*FH10 -> 0 | FJ10: =J10+FB10-FF10 -> 0 | FK10: =FG10 -> 0 | FL10: =FH10 -> 0 | FM10: =FJ10*FL10 -> 0 | FN10: =AX10+BJ10+BV10 -> 0 | FO10: =FK10 -> 0 | FP10: =FL10 -> 0 | FQ10: =FN10*FP10 -> 0 | FR10: =BB10+BN10+BZ10 -> 0 | FS10: =FO10 -> 0 | FT10: =FP10 -> 0 | FU10: =FR10*FT10 -> 0 | FV10: =FJ10+FN10-FR10 -> 0 | FW10: =FS10 -> 0 | FX10: =FT10 -> 0 | FY10: =FV10*FX10 -> 0 | FZ10: =FB10+FN10 -> 0 | GA10: =FW10 -> 0 | GB10: =FX10 -> 0 | GC10: =FZ10*GB10 -> 0 | GD10: =FF10+FR10 -> 0 | GE10: =GA10 -> 0 | GF10: =GB10 -> 0 | GG10: =GD10*GF10 -> 0 | GH10: =J10+FZ10-GD10 -> 0 | GI10: =GE10 -> 0 | GJ10: =GF10 -> 0 | GK10: =GH10*GJ10 -> 0 | GM10: =CH10+CT10+DF10 -> 0 | GN10: =DO10 -> 0 | GO10: =DP10 -> 0 | GP10: =GM10*GO10 -> 0 | GQ10: =CL10+CX10+DJ10 -> 0 | GR10: =GN10 -> 0 | GS10: =GO10 -> 0 | GT10: =GQ10*GS10 -> 0 | GU10: =GH10+GM10-GQ10 -> 0 | GV10: =GR10 -> 0 | GW10: =GS10 -> 0 | GX10: =GU10*GW10 -> 0 | GZ10: =FZ10+GM10 -> 0 | HA10: =GV10 -> 0 | HB10: =GW10 -> 0 | HC10: =GZ10*HB10 -> 0 | HD10: =GD10+GQ10 -> 0 | HE10: =HA10 -> 0 | HF10: =HB10 -> 0 | HG10: =HD10*HF10 -> 0 | HH10: =J10+GZ10-HD10 -> 0 | HI10: =HE10 -> 0 | HJ10: =HF10 -> 0 | HK10: =HH10*HJ10 -> 0 | HM10: =ROUNDUP(GZ10,0) -> 0 | HN10: =GZ10-HM10 -> 0 | HO10: =ROUNDUP(HB10,0) -> 0 | HP10: =HB10-HO10 -> 0 | HQ10: =ROUNDUP(HC10,0) -> 0 | HR10: =HC10-HQ10 -> 0 | HS10: =ROUNDUP(HD10,0) -> 0 | HT10: =HD10-HS10 -> 0 | HU10: =ROUNDUP(HF10,0) -> 0 | HV10: =HF10-HU10 -> 0 | HW10: =ROUNDUP(HG10,0) -> 0 | HX10: =HG10-HW10 -> 0 | HY10: =ROUNDUP(HH10,0) -> 0 | HZ10: =HH10-HY10 -> 0 | IA10: =ROUNDUP(HJ10,0) -> 0 | IB10: =HJ10-IA10 -> 0 | IC10: =ROUNDUP(HK10,0) -> 0 | ID10: =HK10-IC10 -> 0 | IF10: =ROUNDUP(DR10,0) -> 0 | IG10: =DR10-IF10 -> 0 | IH10: =ROUNDUP(DT10,0) -> 0 | II10: =DT10-IH10 -> 0 | IJ10: =ROUNDUP(DU10,0) -> 0 | IK10: =DU10-IJ10 -> 0 | IL10: =ROUNDUP(DV10,0) -> 0 | IM10: =DV10-IL10 -> 0 | IN10: =ROUNDUP(DX10,0) -> 0 | IO10: =DX10-IN10 -> 0 | IP10: =ROUNDUP(DY10,0) -> 0 | IQ10: =DY10-IP10 -> 0 | IR10: =ROUNDUP(DZ10,0) -> 0 | IS10: =DZ10-IR10 -> 0 | IT10: =ROUNDUP(EB10,0) -> 0 | IU10: =EB10-IT10 -> 0 | IV10: =ROUNDUP(EC10,0) -> 0 | IW10: =EC10-IV10 -> 0
D11: dst.. | M11: =J11*L11 -> 0 | Q11: =N11*P11 -> 0 | S11: =O11 -> 0 | T11: =P11 -> 0 | U11: =R11*T11 -> 0 | V11: =J11+N11-R11 -> 0 | W11: =O11 -> 0 | X11: =P11 -> 0 | Y11: =V11*X11 -> 0 | AC11: =Z11*AB11 -> 0 | AE11: =AA11 -> 0 | AF11: =AB11 -> 0 | AG11: =AD11*AF11 -> 0 | AH11: =V11+Z11-AD11 -> 0 | AI11: =AA11 -> 0 | AJ11: =AB11 -> 0 | AK11: =AH11*AJ11 -> 0 | AO11: =AL11*AN11 -> 0 | AQ11: =AM11 -> 0 | AR11: =AN11 -> 0 | AS11: =AP11*AR11 -> 0 | AT11: =AH11+AL11-AP11 -> 0 | AU11: =AM11 -> 0 | AV11: =AN11 -> 0 | AW11: =AT11*AV11 -> 0 | BA11: =AX11*AZ11 -> 0 | BC11: =AY11 -> 0 | BD11: =AZ11 -> 0 | BE11: =BB11*BD11 -> 0 | BF11: =AT11+AX11-BB11 -> 0 | BG11: =AY11 -> 0 | BH11: =AZ11 -> 0 | BI11: =BF11*BH11 -> 0 | BM11: =BJ11*BL11 -> 0 | BO11: =BK11 -> 0 | BP11: =BL11 -> 0 | BQ11: =BN11*BP11 -> 0 | BR11: =BF11+BJ11-BN11 -> 0 | BS11: =BK11 -> 0 | BT11: =BL11 -> 0 | BU11: =BR11*BT11 -> 0 | BY11: =BV11*BX11 -> 0 | CA11: =BW11 -> 0 | CB11: =BX11 -> 0 | CC11: =BZ11*CB11 -> 0 | CD11: =BR11+BV11-BZ11 -> 0 | CE11: =BW11 -> 0 | CF11: =BX11 -> 0 | CG11: =CD11*CF11 -> 0 | CI11: =CE11 -> 0 | CJ11: =CF11 -> 0 | CK11: =CH11*CJ11 -> 0 | CM11: =CI11 -> 0 | CN11: =CJ11 -> 0 | CO11: =CL11*CN11 -> 0 | CP11: =CD11+CH11-CL11 -> 0 | CQ11: =CI11 -> 0 | CR11: =CJ11 -> 0 | CS11: =CP11*CR11 -> 0 | CU11: =CQ11 -> 0 | CV11: =CR11 -> 0 | CW11: =CT11*CV11 -> 0 | CY11: =CU11 -> 0 | CZ11: =CV11 -> 0 | DA11: =CX11*CZ11 -> 0 | DB11: =CP11+CT11-CX11 -> 0 | DC11: =CU11 -> 0 | DD11: =CV11 -> 0 | DE11: =DB11*DD11 -> 0 | DG11: =DC11 -> 0 | DH11: =DD11 -> 0 | DI11: =DF11*DH11 -> 0 | DK11: =DG11 -> 0 | DL11: =DH11 -> 0 | DM11: =DJ11*DL11 -> 0 | DN11: =DB11+DF11-DJ11 -> 0 | DO11: =DG11 -> 0 | DP11: =DH11 -> 0 | DQ11: =DN11*DP11 -> 0 | DS11: =DO11 -> 0 | DT11: =DP11 -> 0 | DU11: =DR11*DT11 -> 0 | DW11: =DS11 -> 0 | DX11: =DT11 -> 0 | DY11: =DV11*DX11 -> 0 | DZ11: =DN11+DR11-DV11 -> 0 | EA11: =DS11 -> 0 | EB11: =DT11 -> 0 | EC11: =DZ11*EB11 -> 0 | EE11: =EA11 -> 0 | EF11: =EB11 -> 0 | EG11: =ED11*EF11 -> 0 | EI11: =EE11 -> 0 | EJ11: =EF11 -> 0 | EK11: =EH11*EJ11 -> 0 | EL11: =DZ11+ED11-EH11 -> 0 | EM11: =EE11 -> 0 | EN11: =EF11 -> 0 | EO11: =EL11*EN11 -> 0 | EQ11: =EM11 -> 0 | ER11: =EN11 -> 0 | ES11: =EP11*ER11 -> 0 | EU11: =EQ11 -> 0 | EV11: =ER11 -> 0 | EW11: =ET11*EV11 -> 0 | EX11: =EL11+EP11-ET11 -> 0 | EY11: =EQ11 -> 0 | EZ11: =ER11 -> 0 | FA11: =EX11*EZ11 -> 0 | FB11: =N11+Z11+AL11 -> 0 | FC11: =AU11 -> 0 | FD11: =AV11 -> 0 | FE11: =FB11*FD11 -> 0 | FF11: =R11+AD11+AP11 -> 0 | FG11: =FC11 -> 0 | FH11: =FD11 -> 0 | FI11: =FF11*FH11 -> 0 | FJ11: =J11+FB11-FF11 -> 0 | FK11: =FG11 -> 0 | FL11: =FH11 -> 0 | FM11: =FJ11*FL11 -> 0 | FN11: =AX11+BJ11+BV11 -> 0 | FO11: =FK11 -> 0 | FP11: =FL11 -> 0 | FQ11: =FN11*FP11 -> 0 | FR11: =BB11+BN11+BZ11 -> 0 | FS11: =FO11 -> 0 | FT11: =FP11 -> 0 | FU11: =FR11*FT11 -> 0 | FV11: =FJ11+FN11-FR11 -> 0 | FW11: =FS11 -> 0 | FX11: =FT11 -> 0 | FY11: =FV11*FX11 -> 0 | FZ11: =FB11+FN11 -> 0 | GA11: =FW11 -> 0 | GB11: =FX11 -> 0 | GC11: =FZ11*GB11 -> 0 | GD11: =FF11+FR11 -> 0 | GE11: =GA11 -> 0 | GF11: =GB11 -> 0 | GG11: =GD11*GF11 -> 0 | GH11: =J11+FZ11-GD11 -> 0 | GI11: =GE11 -> 0 | GJ11: =GF11 -> 0 | GK11: =GH11*GJ11 -> 0 | GM11: =CH11+CT11+DF11 -> 0 | GN11: =DO11 -> 0 | GO11: =DP11 -> 0 | GP11: =GM11*GO11 -> 0 | GQ11: =CL11+CX11+DJ11 -> 0 | GR11: =GN11 -> 0 | GS11: =GO11 -> 0 | GT11: =GQ11*GS11 -> 0 | GU11: =GH11+GM11-GQ11 -> 0 | GV11: =GR11 -> 0 | GW11: =GS11 -> 0 | GX11: =GU11*GW11 -> 0 | GZ11: =FZ11+GM11 -> 0 | HA11: =GV11 -> 0 | HB11: =GW11 -> 0 | HC11: =GZ11*HB11 -> 0 | HD11: =GD11+GQ11 -> 0 | HE11: =HA11 -> 0 | HF11: =HB11 -> 0 | HG11: =HD11*HF11 -> 0 | HH11: =J11+GZ11-HD11 -> 0 | HI11: =HE11 -> 0 | HJ11: =HF11 -> 0 | HK11: =HH11*HJ11 -> 0 | HM11: =ROUNDUP(GZ11,0) -> 0 | HN11: =GZ11-HM11 -> 0 | HO11: =ROUNDUP(HB11,0) -> 0 | HP11: =HB11-HO11 -> 0 | HQ11: =ROUNDUP(HC11,0) -> 0 | HR11: =HC11-HQ11 -> 0 | HS11: =ROUNDUP(HD11,0) -> 0 | HT11: =HD11-HS11 -> 0 | HU11: =ROUNDUP(HF11,0) -> 0 | HV11: =HF11-HU11 -> 0 | HW11: =ROUNDUP(HG11,0) -> 0 | HX11: =HG11-HW11 -> 0 | HY11: =ROUNDUP(HH11,0) -> 0 | HZ11: =HH11-HY11 -> 0 | IA11: =ROUNDUP(HJ11,0) -> 0 | IB11: =HJ11-IA11 -> 0 | IC11: =ROUNDUP(HK11,0) -> 0 | ID11: =HK11-IC11 -> 0 | IF11: =ROUNDUP(DR11,0) -> 0 | IG11: =DR11-IF11 -> 0 | IH11: =ROUNDUP(DT11,0) -> 0 | II11: =DT11-IH11 -> 0 | IJ11: =ROUNDUP(DU11,0) -> 0 | IK11: =DU11-IJ11 -> 0 | IL11: =ROUNDUP(DV11,0) -> 0 | IM11: =DV11-IL11 -> 0 | IN11: =ROUNDUP(DX11,0) -> 0 | IO11: =DX11-IN11 -> 0 | IP11: =ROUNDUP(DY11,0) -> 0 | IQ11: =DY11-IP11 -> 0 | IR11: =ROUNDUP(DZ11,0) -> 0 | IS11: =DZ11-IR11 -> 0 | IT11: =ROUNDUP(EB11,0) -> 0 | IU11: =EB11-IT11 -> 0 | IV11: =ROUNDUP(EC11,0) -> 0 | IW11: =EC11-IV11 -> 0
D12: TOTAL | M12: =SUM(M9:M11) -> 0 | Q12: =SUM(Q9:Q11) -> 0 | U12: =SUM(U9:U11) -> 0 | Y12: =SUM(Y9:Y11) -> 0 | AC12: =SUM(AC9:AC11) -> 0 | AG12: =SUM(AG9:AG11) -> 0 | AK12: =SUM(AK9:AK11) -> 0 | AO12: =SUM(AO9:AO11) -> 0 | AS12: =SUM(AS9:AS11) -> 0 | AW12: =SUM(AW9:AW11) -> 0 | BA12: =SUM(BA9:BA11) -> 0 | BE12: =SUM(BE9:BE11) -> 0 | BI12: =SUM(BI9:BI11) -> 0 | BM12: =SUM(BM9:BM11) -> 0 | BQ12: =SUM(BQ9:BQ11) -> 0 | BU12: =SUM(BU9:BU11) -> 0 | BY12: =SUM(BY9:BY11) -> 0 | CC12: =SUM(CC9:CC11) -> 0 | CG12: =SUM(CG9:CG11) -> 0 | CK12: =SUM(CK9:CK11) -> 0 | CO12: =SUM(CO9:CO11) -> 0 | CS12: =SUM(CS9:CS11) -> 0 | CW12: =SUM(CW9:CW11) -> 0 | DA12: =SUM(DA9:DA11) -> 0 | DE12: =SUM(DE9:DE11) -> 0 | DI12: =SUM(DI9:DI11) -> 0 | DM12: =SUM(DM9:DM11) -> 0 | DQ12: =SUM(DQ9:DQ11) -> 0 | DU12: =SUM(DU9:DU11) -> 0 | DY12: =SUM(DY9:DY11) -> 0 | EC12: =SUM(EC9:EC11) -> 0 | EG12: =SUM(EG9:EG11) -> 0 | EK12: =SUM(EK9:EK11) -> 0 | EO12: =SUM(EO9:EO11) -> 0 | ES12: =SUM(ES9:ES11) -> 0 | EW12: =SUM(EW9:EW11) -> 0 | FA12: =SUM(FA9:FA11) -> 0
A13: 2 | C13: 5.1.02.01.01.0004 | D13: Bahan-Bahan Bakar dan Pelumas
D14: 1 | M14: =J14*L14 -> 0 | Q14: =N14*P14 -> 0 | S14: =O14 -> 0 | T14: =P14 -> 0 | U14: =R14*T14 -> 0 | V14: =J14+N14-R14 -> 0 | W14: =O14 -> 0 | X14: =P14 -> 0 | Y14: =V14*X14 -> 0 | AC14: =Z14*AB14 -> 0 | AE14: =AA14 -> 0 | AF14: =AB14 -> 0 | AG14: =AD14*AF14 -> 0 | AH14: =V14+Z14-AD14 -> 0 | AI14: =AA14 -> 0 | AJ14: =AB14 -> 0 | AK14: =AH14*AJ14 -> 0 | AO14: =AL14*AN14 -> 0 | AQ14: =AM14 -> 0 | AR14: =AN14 -> 0 | AS14: =AP14*AR14 -> 0 | AT14: =AH14+AL14-AP14 -> 0 | AU14: =AM14 -> 0 | AV14: =AN14 -> 0 | AW14: =AT14*AV14 -> 0 | BA14: =AX14*AZ14 -> 0 | BC14: =AY14 -> 0 | BD14: =AZ14 -> 0 | BE14: =BB14*BD14 -> 0 | BF14: =AT14+AX14-BB14 -> 0 | BG14: =AY14 -> 0 | BH14: =AZ14 -> 0 | BI14: =BF14*BH14 -> 0 | BM14: =BJ14*BL14 -> 0 | BO14: =BK14 -> 0 | BP14: =BL14 -> 0 | BQ14: =BN14*BP14 -> 0 | BR14: =BF14+BJ14-BN14 -> 0 | BS14: =BK14 -> 0 | BT14: =BL14 -> 0 | BU14: =BR14*BT14 -> 0 | BY14: =BV14*BX14 -> 0 | CA14: =BW14 -> 0 | CB14: =BX14 -> 0 | CC14: =BZ14*CB14 -> 0 | CD14: =BR14+BV14-BZ14 -> 0 | CE14: =BW14 -> 0 | CF14: =BX14 -> 0 | CG14: =CD14*CF14 -> 0 | CI14: =CE14 -> 0 | CJ14: =CF14 -> 0 | CK14: =CH14*CJ14 -> 0 | CM14: =CI14 -> 0 | CN14: =CJ14 -> 0 | CO14: =CL14*CN14 -> 0 | CP14: =CD14+CH14-CL14 -> 0 | CQ14: =CI14 -> 0 | CR14: =CJ14 -> 0 | CS14: =CP14*CR14 -> 0 | CU14: =CQ14 -> 0 | CV14: =CR14 -> 0 | CW14: =CT14*CV14 -> 0 | CY14: =CU14 -> 0 | CZ14: =CV14 -> 0 | DA14: =CX14*CZ14 -> 0 | DB14: =CP14+CT14-CX14 -> 0 | DC14: =CU14 -> 0 | DD14: =CV14 -> 0 | DE14: =DB14*DD14 -> 0 | DG14: =DC14 -> 0 | DH14: =DD14 -> 0 | DI14: =DF14*DH14 -> 0 | DK14: =DG14 -> 0 | DL14: =DH14 -> 0 | DM14: =DJ14*DL14 -> 0 | DN14: =DB14+DF14-DJ14 -> 0 | DO14: =DG14 -> 0 | DP14: =DH14 -> 0 | DQ14: =DN14*DP14 -> 0 | DS14: =DO14 -> 0 | DT14: =DP14 -> 0 | DU14: =DR14*DT14 -> 0 | DW14: =DS14 -> 0 | DX14: =DT14 -> 0 | DY14: =DV14*DX14 -> 0 | DZ14: =DN14+DR14-DV14 -> 0 | EA14: =DS14 -> 0 | EB14: =DT14 -> 0 | EC14: =DZ14*EB14 -> 0 | EE14: =EA14 -> 0 | EF14: =EB14 -> 0 | EG14: =ED14*EF14 -> 0 | EI14: =EE14 -> 0 | EJ14: =EF14 -> 0 | EK14: =EH14*EJ14 -> 0 | EL14: =DZ14+ED14-EH14 -> 0 | EM14: =EE14 -> 0 | EN14: =EF14 -> 0 | EO14: =EL14*EN14 -> 0 | EQ14: =EM14 -> 0 | ER14: =EN14 -> 0 | ES14: =EP14*ER14 -> 0 | EU14: =EQ14 -> 0 | EV14: =ER14 -> 0 | EW14: =ET14*EV14 -> 0 | EX14: =EL14+EP14-ET14 -> 0 | EY14: =EQ14 -> 0 | EZ14: =ER14 -> 0 | FA14: =EX14*EZ14 -> 0 | FB14: =N14+Z14+AL14 -> 0 | FC14: =AU14 -> 0 | FD14: =AV14 -> 0 | FE14: =FB14*FD14 -> 0 | FF14: =R14+AD14+AP14 -> 0 | FG14: =FC14 -> 0 | FH14: =FD14 -> 0 | FI14: =FF14*FH14 -> 0 | FJ14: =J14+FB14-FF14 -> 0 | FK14: =FG14 -> 0 | FL14: =FH14 -> 0 | FM14: =FJ14*FL14 -> 0 | FN14: =AX14+BJ14+BV14 -> 0 | FO14: =FK14 -> 0 | FP14: =FL14 -> 0 | FQ14: =FN14*FP14 -> 0 | FR14: =BB14+BN14+BZ14 -> 0 | FS14: =FO14 -> 0 | FT14: =FP14 -> 0 | FU14: =FR14*FT14 -> 0 | FV14: =FJ14+FN14-FR14 -> 0 | FW14: =FS14 -> 0 | FX14: =FT14 -> 0 | FY14: =FV14*FX14 -> 0 | FZ14: =FB14+FN14 -> 0 | GA14: =FW14 -> 0 | GB14: =FX14 -> 0 | GC14: =FZ14*GB14 -> 0 | GD14: =FF14+FR14 -> 0 | GE14: =GA14 -> 0 | GF14: =GB14 -> 0 | GG14: =GD14*GF14 -> 0 | GH14: =J14+FZ14-GD14 -> 0 | GI14: =GE14 -> 0 | GJ14: =GF14 -> 0 | GK14: =GH14*GJ14 -> 0 | GM14: =CH14+CT14+DF14 -> 0 | GN14: =DO14 -> 0 | GO14: =DP14 -> 0 | GP14: =GM14*GO14 -> 0 | GQ14: =CL14+CX14+DJ14 -> 0 | GR14: =GN14 -> 0 | GS14: =GO14 -> 0 | GT14: =GQ14*GS14 -> 0 | GU14: =GH14+GM14-GQ14 -> 0 | GV14: =GR14 -> 0 | GW14: =GS14 -> 0 | GX14: =GU14*GW14 -> 0 | GZ14: =FZ14+GM14 -> 0 | HA14: =GV14 -> 0 | HB14: =GW14 -> 0 | HC14: =GZ14*HB14 -> 0 | HD14: =GD14+GQ14 -> 0 | HE14: =HA14 -> 0 | HF14: =HB14 -> 0 | HG14: =HD14*HF14 -> 0 | HH14: =J14+GZ14-HD14 -> 0 | HI14: =HE14 -> 0 | HJ14: =HF14 -> 0 | HK14: =HH14*HJ14 -> 0 | HM14: =ROUNDUP(GZ14,0) -> 0 | HN14: =GZ14-HM14 -> 0 | HO14: =ROUNDUP(HB14,0) -> 0 | HP14: =HB14-HO14 -> 0 | HQ14: =ROUNDUP(HC14,0) -> 0 | HR14: =HC14-HQ14 -> 0 | HS14: =ROUNDUP(HD14,0) -> 0 | HT14: =HD14-HS14 -> 0 | HU14: =ROUNDUP(HF14,0) -> 0 | HV14: =HF14-HU14 -> 0 | HW14: =ROUNDUP(HG14,0) -> 0 | HX14: =HG14-HW14 -> 0 | HY14: =ROUNDUP(HH14,0) -> 0 | HZ14: =HH14-HY14 -> 0 | IA14: =ROUNDUP(HJ14,0) -> 0 | IB14: =HJ14-IA14 -> 0 | IC14: =ROUNDUP(HK14,0) -> 0 | ID14: =HK14-IC14 -> 0 | IF14: =ROUNDUP(DR14,0) -> 0 | IG14: =DR14-IF14 -> 0 | IH14: =ROUNDUP(DT14,0) -> 0 | II14: =DT14-IH14 -> 0 | IJ14: =ROUNDUP(DU14,0) -> 0 | IK14: =DU14-IJ14 -> 0 | IL14: =ROUNDUP(DV14,0) -> 0 | IM14: =DV14-IL14 -> 0 | IN14: =ROUNDUP(DX14,0) -> 0 | IO14: =DX14-IN14 -> 0 | IP14: =ROUNDUP(DY14,0) -> 0 | IQ14: =DY14-IP14 -> 0 | IR14: =ROUNDUP(DZ14,0) -> 0 | IS14: =DZ14-IR14 -> 0 | IT14: =ROUNDUP(EB14,0) -> 0 | IU14: =EB14-IT14 -> 0 | IV14: =ROUNDUP(EC14,0) -> 0 | IW14: =EC14-IV14 -> 0
D15: 2 | M15: =J15*L15 -> 0 | Q15: =N15*P15 -> 0 | S15: =O15 -> 0 | T15: =P15 -> 0 | U15: =R15*T15 -> 0 | V15: =J15+N15-R15 -> 0 | W15: =O15 -> 0 | X15: =P15 -> 0 | Y15: =V15*X15 -> 0 | AC15: =Z15*AB15 -> 0 | AE15: =AA15 -> 0 | AF15: =AB15 -> 0 | AG15: =AD15*AF15 -> 0 | AH15: =V15+Z15-AD15 -> 0 | AI15: =AA15 -> 0 | AJ15: =AB15 -> 0 | AK15: =AH15*AJ15 -> 0 | AO15: =AL15*AN15 -> 0 | AQ15: =AM15 -> 0 | AR15: =AN15 -> 0 | AS15: =AP15*AR15 -> 0 | AT15: =AH15+AL15-AP15 -> 0 | AU15: =AM15 -> 0 | AV15: =AN15 -> 0 | AW15: =AT15*AV15 -> 0 | BA15: =AX15*AZ15 -> 0 | BC15: =AY15 -> 0 | BD15: =AZ15 -> 0 | BE15: =BB15*BD15 -> 0 | BF15: =AT15+AX15-BB15 -> 0 | BG15: =AY15 -> 0 | BH15: =AZ15 -> 0 | BI15: =BF15*BH15 -> 0 | BM15: =BJ15*BL15 -> 0 | BO15: =BK15 -> 0 | BP15: =BL15 -> 0 | BQ15: =BN15*BP15 -> 0 | BR15: =BF15+BJ15-BN15 -> 0 | BS15: =BK15 -> 0 | BT15: =BL15 -> 0 | BU15: =BR15*BT15 -> 0 | BY15: =BV15*BX15 -> 0 | CA15: =BW15 -> 0 | CB15: =BX15 -> 0 | CC15: =BZ15*CB15 -> 0 | CD15: =BR15+BV15-BZ15 -> 0 | CE15: =BW15 -> 0 | CF15: =BX15 -> 0 | CG15: =CD15*CF15 -> 0 | CI15: =CE15 -> 0 | CJ15: =CF15 -> 0 | CK15: =CH15*CJ15 -> 0 | CM15: =CI15 -> 0 | CN15: =CJ15 -> 0 | CO15: =CL15*CN15 -> 0 | CP15: =CD15+CH15-CL15 -> 0 | CQ15: =CI15 -> 0 | CR15: =CJ15 -> 0 | CS15: =CP15*CR15 -> 0 | CU15: =CQ15 -> 0 | CV15: =CR15 -> 0 | CW15: =CT15*CV15 -> 0 | CY15: =CU15 -> 0 | CZ15: =CV15 -> 0 | DA15: =CX15*CZ15 -> 0 | DB15: =CP15+CT15-CX15 -> 0 | DC15: =CU15 -> 0 | DD15: =CV15 -> 0 | DE15: =DB15*DD15 -> 0 | DG15: =DC15 -> 0 | DH15: =DD15 -> 0 | DI15: =DF15*DH15 -> 0 | DK15: =DG15 -> 0 | DL15: =DH15 -> 0 | DM15: =DJ15*DL15 -> 0 | DN15: =DB15+DF15-DJ15 -> 0 | DO15: =DG15 -> 0 | DP15: =DH15 -> 0 | DQ15: =DN15*DP15 -> 0 | DS15: =DO15 -> 0 | DT15: =DP15 -> 0 | DU15: =DR15*DT15 -> 0 | DW15: =DS15 -> 0 | DX15: =DT15 -> 0 | DY15: =DV15*DX15 -> 0 | DZ15: =DN15+DR15-DV15 -> 0 | EA15: =DS15 -> 0 | EB15: =DT15 -> 0 | EC15: =DZ15*EB15 -> 0 | EE15: =EA15 -> 0 | EF15: =EB15 -> 0 | EG15: =ED15*EF15 -> 0 | EI15: =EE15 -> 0 | EJ15: =EF15 -> 0 | EK15: =EH15*EJ15 -> 0 | EL15: =DZ15+ED15-EH15 -> 0 | EM15: =EE15 -> 0 | EN15: =EF15 -> 0 | EO15: =EL15*EN15 -> 0 | EQ15: =EM15 -> 0 | ER15: =EN15 -> 0 | ES15: =EP15*ER15 -> 0 | EU15: =EQ15 -> 0 | EV15: =ER15 -> 0 | EW15: =ET15*EV15 -> 0 | EX15: =EL15+EP15-ET15 -> 0 | EY15: =EQ15 -> 0 | EZ15: =ER15 -> 0 | FA15: =EX15*EZ15 -> 0 | FB15: =N15+Z15+AL15 -> 0 | FC15: =AU15 -> 0 | FD15: =AV15 -> 0 | FE15: =FB15*FD15 -> 0 | FF15: =R15+AD15+AP15 -> 0 | FG15: =FC15 -> 0 | FH15: =FD15 -> 0 | FI15: =FF15*FH15 -> 0 | FJ15: =J15+FB15-FF15 -> 0 | FK15: =FG15 -> 0 | FL15: =FH15 -> 0 | FM15: =FJ15*FL15 -> 0 | FN15: =AX15+BJ15+BV15 -> 0 | FO15: =FK15 -> 0 | FP15: =FL15 -> 0 | FQ15: =FN15*FP15 -> 0 | FR15: =BB15+BN15+BZ15 -> 0 | FS15: =FO15 -> 0 | FT15: =FP15 -> 0 | FU15: =FR15*FT15 -> 0 | FV15: =FJ15+FN15-FR15 -> 0 | FW15: =FS15 -> 0 | FX15: =FT15 -> 0 | FY15: =FV15*FX15 -> 0 | FZ15: =FB15+FN15 -> 0 | GA15: =FW15 -> 0 | GB15: =FX15 -> 0 | GC15: =FZ15*GB15 -> 0 | GD15: =FF15+FR15 -> 0 | GE15: =GA15 -> 0 | GF15: =GB15 -> 0 | GG15: =GD15*GF15 -> 0 | GH15: =J15+FZ15-GD15 -> 0 | GI15: =GE15 -> 0 | GJ15: =GF15 -> 0 | GK15: =GH15*GJ15 -> 0 | GM15: =CH15+CT15+DF15 -> 0 | GN15: =DO15 -> 0 | GO15: =DP15 -> 0 | GP15: =GM15*GO15 -> 0 | GQ15: =CL15+CX15+DJ15 -> 0 | GR15: =GN15 -> 0 | GS15: =GO15 -> 0 | GT15: =GQ15*GS15 -> 0 | GU15: =GH15+GM15-GQ15 -> 0 | GV15: =GR15 -> 0 | GW15: =GS15 -> 0 | GX15: =GU15*GW15 -> 0 | GZ15: =FZ15+GM15 -> 0 | HA15: =GV15 -> 0 | HB15: =GW15 -> 0 | HC15: =GZ15*HB15 -> 0 | HD15: =GD15+GQ15 -> 0 | HE15: =HA15 -> 0 | HF15: =HB15 -> 0 | HG15: =HD15*HF15 -> 0 | HH15: =J15+GZ15-HD15 -> 0 | HI15: =HE15 -> 0 | HJ15: =HF15 -> 0 | HK15: =HH15*HJ15 -> 0 | HM15: =ROUNDUP(GZ15,0) -> 0 | HN15: =GZ15-HM15 -> 0 | HO15: =ROUNDUP(HB15,0) -> 0 | HP15: =HB15-HO15 -> 0 | HQ15: =ROUNDUP(HC15,0) -> 0 | HR15: =HC15-HQ15 -> 0 | HS15: =ROUNDUP(HD15,0) -> 0 | HT15: =HD15-HS15 -> 0 | HU15: =ROUNDUP(HF15,0) -> 0 | HV15: =HF15-HU15 -> 0 | HW15: =ROUNDUP(HG15,0) -> 0 | HX15: =HG15-HW15 -> 0 | HY15: =ROUNDUP(HH15,0) -> 0 | HZ15: =HH15-HY15 -> 0 | IA15: =ROUNDUP(HJ15,0) -> 0 | IB15: =HJ15-IA15 -> 0 | IC15: =ROUNDUP(HK15,0) -> 0 | ID15: =HK15-IC15 -> 0 | IF15: =ROUNDUP(DR15,0) -> 0 | IG15: =DR15-IF15 -> 0 | IH15: =ROUNDUP(DT15,0) -> 0 | II15: =DT15-IH15 -> 0 | IJ15: =ROUNDUP(DU15,0) -> 0 | IK15: =DU15-IJ15 -> 0 | IL15: =ROUNDUP(DV15,0) -> 0 | IM15: =DV15-IL15 -> 0 | IN15: =ROUNDUP(DX15,0) -> 0 | IO15: =DX15-IN15 -> 0 | IP15: =ROUNDUP(DY15,0) -> 0 | IQ15: =DY15-IP15 -> 0 | IR15: =ROUNDUP(DZ15,0) -> 0 | IS15: =DZ15-IR15 -> 0 | IT15: =ROUNDUP(EB15,0) -> 0 | IU15: =EB15-IT15 -> 0 | IV15: =ROUNDUP(EC15,0) -> 0 | IW15: =EC15-IV15 -> 0
D16: dst.. | M16: =J16*L16 -> 0 | Q16: =N16*P16 -> 0 | S16: =O16 -> 0 | T16: =P16 -> 0 | U16: =R16*T16 -> 0 | V16: =J16+N16-R16 -> 0 | W16: =O16 -> 0 | X16: =P16 -> 0 | Y16: =V16*X16 -> 0 | AC16: =Z16*AB16 -> 0 | AE16: =AA16 -> 0 | AF16: =AB16 -> 0 | AG16: =AD16*AF16 -> 0 | AH16: =V16+Z16-AD16 -> 0 | AI16: =AA16 -> 0 | AJ16: =AB16 -> 0 | AK16: =AH16*AJ16 -> 0 | AO16: =AL16*AN16 -> 0 | AQ16: =AM16 -> 0 | AR16: =AN16 -> 0 | AS16: =AP16*AR16 -> 0 | AT16: =AH16+AL16-AP16 -> 0 | AU16: =AM16 -> 0 | AV16: =AN16 -> 0 | AW16: =AT16*AV16 -> 0 | BA16: =AX16*AZ16 -> 0 | BC16: =AY16 -> 0 | BD16: =AZ16 -> 0 | BE16: =BB16*BD16 -> 0 | BF16: =AT16+AX16-BB16 -> 0 | BG16: =AY16 -> 0 | BH16: =AZ16 -> 0 | BI16: =BF16*BH16 -> 0 | BM16: =BJ16*BL16 -> 0 | BO16: =BK16 -> 0 | BP16: =BL16 -> 0 | BQ16: =BN16*BP16 -> 0 | BR16: =BF16+BJ16-BN16 -> 0 | BS16: =BK16 -> 0 | BT16: =BL16 -> 0 | BU16: =BR16*BT16 -> 0 | BY16: =BV16*BX16 -> 0 | CA16: =BW16 -> 0 | CB16: =BX16 -> 0 | CC16: =BZ16*CB16 -> 0 | CD16: =BR16+BV16-BZ16 -> 0 | CE16: =BW16 -> 0 | CF16: =BX16 -> 0 | CG16: =CD16*CF16 -> 0 | CI16: =CE16 -> 0 | CJ16: =CF16 -> 0 | CK16: =CH16*CJ16 -> 0 | CM16: =CI16 -> 0 | CN16: =CJ16 -> 0 | CO16: =CL16*CN16 -> 0 | CP16: =CD16+CH16-CL16 -> 0 | CQ16: =CI16 -> 0 | CR16: =CJ16 -> 0 | CS16: =CP16*CR16 -> 0 | CU16: =CQ16 -> 0 | CV16: =CR16 -> 0 | CW16: =CT16*CV16 -> 0 | CY16: =CU16 -> 0 | CZ16: =CV16 -> 0 | DA16: =CX16*CZ16 -> 0 | DB16: =CP16+CT16-CX16 -> 0 | DC16: =CU16 -> 0 | DD16: =CV16 -> 0 | DE16: =DB16*DD16 -> 0 | DG16: =DC16 -> 0 | DH16: =DD16 -> 0 | DI16: =DF16*DH16 -> 0 | DK16: =DG16 -> 0 | DL16: =DH16 -> 0 | DM16: =DJ16*DL16 -> 0 | DN16: =DB16+DF16-DJ16 -> 0 | DO16: =DG16 -> 0 | DP16: =DH16 -> 0 | DQ16: =DN16*DP16 -> 0 | DS16: =DO16 -> 0 | DT16: =DP16 -> 0 | DU16: =DR16*DT16 -> 0 | DW16: =DS16 -> 0 | DX16: =DT16 -> 0 | DY16: =DV16*DX16 -> 0 | DZ16: =DN16+DR16-DV16 -> 0 | EA16: =DS16 -> 0 | EB16: =DT16 -> 0 | EC16: =DZ16*EB16 -> 0 | EE16: =EA16 -> 0 | EF16: =EB16 -> 0 | EG16: =ED16*EF16 -> 0 | EI16: =EE16 -> 0 | EJ16: =EF16 -> 0 | EK16: =EH16*EJ16 -> 0 | EL16: =DZ16+ED16-EH16 -> 0 | EM16: =EE16 -> 0 | EN16: =EF16 -> 0 | EO16: =EL16*EN16 -> 0 | EQ16: =EM16 -> 0 | ER16: =EN16 -> 0 | ES16: =EP16*ER16 -> 0 | EU16: =EQ16 -> 0 | EV16: =ER16 -> 0 | EW16: =ET16*EV16 -> 0 | EX16: =EL16+EP16-ET16 -> 0 | EY16: =EQ16 -> 0 | EZ16: =ER16 -> 0 | FA16: =EX16*EZ16 -> 0 | FB16: =N16+Z16+AL16 -> 0 | FC16: =AU16 -> 0 | FD16: =AV16 -> 0 | FE16: =FB16*FD16 -> 0 | FF16: =R16+AD16+AP16 -> 0 | FG16: =FC16 -> 0 | FH16: =FD16 -> 0 | FI16: =FF16*FH16 -> 0 | FJ16: =J16+FB16-FF16 -> 0 | FK16: =FG16 -> 0 | FL16: =FH16 -> 0 | FM16: =FJ16*FL16 -> 0 | FN16: =AX16+BJ16+BV16 -> 0 | FO16: =FK16 -> 0 | FP16: =FL16 -> 0 | FQ16: =FN16*FP16 -> 0 | FR16: =BB16+BN16+BZ16 -> 0 | FS16: =FO16 -> 0 | FT16: =FP16 -> 0 | FU16: =FR16*FT16 -> 0 | FV16: =FJ16+FN16-FR16 -> 0 | FW16: =FS16 -> 0 | FX16: =FT16 -> 0 | FY16: =FV16*FX16 -> 0 | FZ16: =FB16+FN16 -> 0 | GA16: =FW16 -> 0 | GB16: =FX16 -> 0 | GC16: =FZ16*GB16 -> 0 | GD16: =FF16+FR16 -> 0 | GE16: =GA16 -> 0 | GF16: =GB16 -> 0 | GG16: =GD16*GF16 -> 0 | GH16: =J16+FZ16-GD16 -> 0 | GI16: =GE16 -> 0 | GJ16: =GF16 -> 0 | GK16: =GH16*GJ16 -> 0 | GM16: =CH16+CT16+DF16 -> 0 | GN16: =DO16 -> 0 | GO16: =DP16 -> 0 | GP16: =GM16*GO16 -> 0 | GQ16: =CL16+CX16+DJ16 -> 0 | GR16: =GN16 -> 0 | GS16: =GO16 -> 0 | GT16: =GQ16*GS16 -> 0 | GU16: =GH16+GM16-GQ16 -> 0 | GV16: =GR16 -> 0 | GW16: =GS16 -> 0 | GX16: =GU16*GW16 -> 0 | GZ16: =FZ16+GM16 -> 0 | HA16: =GV16 -> 0 | HB16: =GW16 -> 0 | HC16: =GZ16*HB16 -> 0 | HD16: =GD16+GQ16 -> 0 | HE16: =HA16 -> 0 | HF16: =HB16 -> 0 | HG16: =HD16*HF16 -> 0 | HH16: =J16+GZ16-HD16 -> 0 | HI16: =HE16 -> 0 | HJ16: =HF16 -> 0 | HK16: =HH16*HJ16 -> 0 | HM16: =ROUNDUP(GZ16,0) -> 0 | HN16: =GZ16-HM16 -> 0 | HO16: =ROUNDUP(HB16,0) -> 0 | HP16: =HB16-HO16 -> 0 | HQ16: =ROUNDUP(HC16,0) -> 0 | HR16: =HC16-HQ16 -> 0 | HS16: =ROUNDUP(HD16,0) -> 0 | HT16: =HD16-HS16 -> 0 | HU16: =ROUNDUP(HF16,0) -> 0 | HV16: =HF16-HU16 -> 0 | HW16: =ROUNDUP(HG16,0) -> 0 | HX16: =HG16-HW16 -> 0 | HY16: =ROUNDUP(HH16,0) -> 0 | HZ16: =HH16-HY16 -> 0 | IA16: =ROUNDUP(HJ16,0) -> 0 | IB16: =HJ16-IA16 -> 0 | IC16: =ROUNDUP(HK16,0) -> 0 | ID16: =HK16-IC16 -> 0 | IF16: =ROUNDUP(DR16,0) -> 0 | IG16: =DR16-IF16 -> 0 | IH16: =ROUNDUP(DT16,0) -> 0 | II16: =DT16-IH16 -> 0 | IJ16: =ROUNDUP(DU16,0) -> 0 | IK16: =DU16-IJ16 -> 0 | IL16: =ROUNDUP(DV16,0) -> 0 | IM16: =DV16-IL16 -> 0 | IN16: =ROUNDUP(DX16,0) -> 0 | IO16: =DX16-IN16 -> 0 | IP16: =ROUNDUP(DY16,0) -> 0 | IQ16: =DY16-IP16 -> 0 | IR16: =ROUNDUP(DZ16,0) -> 0 | IS16: =DZ16-IR16 -> 0 | IT16: =ROUNDUP(EB16,0) -> 0 | IU16: =EB16-IT16 -> 0 | IV16: =ROUNDUP(EC16,0) -> 0 | IW16: =EC16-IV16 -> 0
D17: TOTAL | M17: =SUM(M14:M16) -> 0 | Q17: =SUM(Q14:Q16) -> 0 | U17: =SUM(U14:U16) -> 0 | Y17: =SUM(Y14:Y16) -> 0 | AC17: =SUM(AC14:AC16) -> 0 | AG17: =SUM(AG14:AG16) -> 0 | AK17: =SUM(AK14:AK16) -> 0 | AO17: =SUM(AO14:AO16) -> 0 | AS17: =SUM(AS14:AS16) -> 0 | AW17: =SUM(AW14:AW16) -> 0 | BA17: =SUM(BA14:BA16) -> 0 | BE17: =SUM(BE14:BE16) -> 0 | BI17: =SUM(BI14:BI16) -> 0 | BM17: =SUM(BM14:BM16) -> 0 | BQ17: =SUM(BQ14:BQ16) -> 0 | BU17: =SUM(BU14:BU16) -> 0 | BY17: =SUM(BY14:BY16) -> 0 | CC17: =SUM(CC14:CC16) -> 0 | CG17: =SUM(CG14:CG16) -> 0 | CK17: =SUM(CK14:CK16) -> 0 | CO17: =SUM(CO14:CO16) -> 0 | CS17: =SUM(CS14:CS16) -> 0 | CW17: =SUM(CW14:CW16) -> 0 | DA17: =SUM(DA14:DA16) -> 0 | DE17: =SUM(DE14:DE16) -> 0 | DI17: =SUM(DI14:DI16) -> 0 | DM17: =SUM(DM14:DM16) -> 0 | DQ17: =SUM(DQ14:DQ16) -> 0 | DU17: =SUM(DU14:DU16) -> 0 | DY17: =SUM(DY14:DY16) -> 0 | EC17: =SUM(EC14:EC16) -> 0 | EG17: =SUM(EG14:EG16) -> 0 | EK17: =SUM(EK14:EK16) -> 0 | EO17: =SUM(EO14:EO16) -> 0 | ES17: =SUM(ES14:ES16) -> 0 | EW17: =SUM(EW14:EW16) -> 0 | FA17: =SUM(FA14:FA16) -> 0
A18: 3 | C18: 5.1.02.01.01.0010 | D18: Bahan-Isi Tabung Gas
B19: CABANG PENDIDIKAN WILAYAH X | C19: 5.1.02.01.01.0010 | D19: 1 | E19: Isi Tabung Gas Elpiji 12 Kg | M19: =J19*L19 -> 0 | Q19: =N19*P19 -> 0 | S19: =O19 -> 0 | T19: =P19 -> 0 | U19: =R19*T19 -> 0 | V19: =J19+N19-R19 -> 0 | W19: =O19 -> 0 | X19: =P19 -> 0 | Y19: =V19*X19 -> 0 | Z19: 1 | AA19: UNIT | AB19: 242000 | AC19: =Z19*AB19 -> 242000 | AD19: 1 | AE19: =AA19 -> UNIT | AF19: =AB19 -> 242000 | AG19: =AD19*AF19 -> 242000 | AH19: =V19+Z19-AD19 -> 0 | AI19: =AA19 -> UNIT | AJ19: =AB19 -> 242000 | AK19: =AH19*AJ19 -> 0 | AM19: =AI19 -> UNIT | AN19: =AJ19 -> 242000 | AO19: =AL19*AN19 -> 0 | AQ19: =AM19 -> UNIT | AR19: =AN19 -> 242000 | AS19: =AP19*AR19 -> 0 | AT19: =AH19+AL19-AP19 -> 0 | AU19: =AM19 -> UNIT | AV19: =AN19 -> 242000 | AW19: =AT19*AV19 -> 0 | AX19: 1 | AY19: UNIT | AZ19: 242000 | BA19: =AX19*AZ19 -> 242000 | BB19: 1 | BC19: UNIT | BD19: 242000 | BE19: =BB19*BD19 -> 242000 | BF19: 0 | BG19: UNIT | BH19: 242000 | BI19: =BF19*BH19 -> 0 | BK19: =BG19 -> UNIT | BL19: =BH19 -> 242000 | BM19: =BJ19*BL19 -> 0 | BO19: =BK19 -> UNIT | BP19: =BL19 -> 242000 | BQ19: =BN19*BP19 -> 0 | BR19: =BF19+BJ19-BN19 -> 0 | BS19: =BK19 -> UNIT | BT19: =BL19 -> 242000 | BU19: =BR19*BT19 -> 0 | BV19: 1 | BW19: =BS19 -> UNIT | BX19: =BT19 -> 242000 | BY19: =BV19*BX19 -> 242000 | BZ19: 1 | CA19: =BW19 -> UNIT | CB19: =BX19 -> 242000 | CC19: =BZ19*CB19 -> 242000 | CD19: =BR19+BV19-BZ19 -> 0 | CE19: =BW19 -> UNIT | CF19: =BX19 -> 242000 | CG19: =CD19*CF19 -> 0 | CI19: =CE19 -> UNIT | CJ19: =CF19 -> 242000 | CK19: =CH19*CJ19 -> 0 | CM19: =CI19 -> UNIT | CN19: =CJ19 -> 242000 | CO19: =CL19*CN19 -> 0 | CP19: =CD19+CH19-CL19 -> 0 | CQ19: =CI19 -> UNIT | CR19: =CJ19 -> 242000 | CS19: =CP19*CR19 -> 0 | CT19: 1 | CU19: =CQ19 -> UNIT | CV19: =CR19 -> 242000 | CW19: =CT19*CV19 -> 242000 | CX19: 1 | CY19: =CU19 -> UNIT | CZ19: =CV19 -> 242000 | DA19: =CX19*CZ19 -> 242000 | DB19: =CP19+CT19-CX19 -> 0 | DC19: =CU19 -> UNIT | DD19: =CV19 -> 242000 | DE19: =DB19*DD19 -> 0 | DG19: =DC19 -> UNIT | DH19: =DD19 -> 242000 | DI19: =DF19*DH19 -> 0 | DK19: =DG19 -> UNIT | DL19: =DH19 -> 242000 | DM19: =DJ19*DL19 -> 0 | DN19: =DB19+DF19-DJ19 -> 0 | DO19: =DG19 -> UNIT | DP19: =DH19 -> 242000 | DQ19: =DN19*DP19 -> 0 | DR19: 1 | DS19: =DO19 -> UNIT | DT19: =DP19 -> 242000 | DU19: =DR19*DT19 -> 242000 | DV19: 1 | DW19: =DS19 -> UNIT | DX19: =DT19 -> 242000 | DY19: =DV19*DX19 -> 242000 | DZ19: =DN19+DR19-DV19 -> 0 | EA19: =DS19 -> UNIT | EB19: =DT19 -> 242000 | EC19: =DZ19*EB19 -> 0 | EE19: =EA19 -> UNIT | EF19: =EB19 -> 242000 | EG19: =ED19*EF19 -> 0 | EI19: =EE19 -> UNIT | EJ19: =EF19 -> 242000 | EK19: =EH19*EJ19 -> 0 | EL19: =DZ19+ED19-EH19 -> 0 | EM19: =EE19 -> UNIT | EN19: =EF19 -> 242000 | EO19: =EL19*EN19 -> 0 | EP19: 1 | EQ19: =EM19 -> UNIT | ER19: =EN19 -> 242000 | ES19: =EP19*ER19 -> 242000 | ET19: 1 | EU19: =EQ19 -> UNIT | EV19: =ER19 -> 242000 | EW19: =ET19*EV19 -> 242000 | EX19: =EL19+EP19-ET19 -> 0 | EY19: =EQ19 -> UNIT | EZ19: =ER19 -> 242000 | FA19: =EX19*EZ19 -> 0 | FB19: =N19+Z19+AL19 -> 1 | FC19: =AU19 -> UNIT | FD19: =AV19 -> 242000 | FE19: =FB19*FD19 -> 242000 | FF19: =R19+AD19+AP19 -> 1 | FG19: =FC19 -> UNIT | FH19: =FD19 -> 242000 | FI19: =FF19*FH19 -> 242000 | FJ19: =J19+FB19-FF19 -> 0 | FK19: =FG19 -> UNIT | FL19: =FH19 -> 242000 | FM19: =FJ19*FL19 -> 0 | FN19: =AX19+BJ19+BV19 -> 2 | FO19: =FK19 -> UNIT | FP19: =FL19 -> 242000 | FQ19: =FN19*FP19 -> 484000 | FR19: =BB19+BN19+BZ19 -> 2 | FS19: =FO19 -> UNIT | FT19: =FP19 -> 242000 | FU19: =FR19*FT19 -> 484000 | FV19: =FJ19+FN19-FR19 -> 0 | FW19: =FS19 -> UNIT | FX19: =FT19 -> 242000 | FY19: =FV19*FX19 -> 0 | FZ19: =FB19+FN19 -> 3 | GA19: =FW19 -> UNIT | GB19: =FX19 -> 242000 | GC19: =FZ19*GB19 -> 726000 | GD19: =FF19+FR19 -> 3 | GE19: =GA19 -> UNIT | GF19: =GB19 -> 242000 | GG19: =GD19*GF19 -> 726000 | GH19: =J19+FZ19-GD19 -> 0 | GI19: =GE19 -> UNIT | GJ19: =GF19 -> 242000 | GK19: =GH19*GJ19 -> 0 | GM19: =CH19+CT19+DF19 -> 1 | GN19: =DO19 -> UNIT | GO19: =DP19 -> 242000 | GP19: =GM19*GO19 -> 242000 | GQ19: =CL19+CX19+DJ19 -> 1 | GR19: =GN19 -> UNIT | GS19: =GO19 -> 242000 | GT19: =GQ19*GS19 -> 242000 | GU19: =GH19+GM19-GQ19 -> 0 | GV19: =GR19 -> UNIT | GW19: =GS19 -> 242000 | GX19: =GU19*GW19 -> 0 | GZ19: =FZ19+GM19 -> 4 | HA19: =GV19 -> UNIT | HB19: =GW19 -> 242000 | HC19: =GZ19*HB19 -> 968000 | HD19: =GD19+GQ19 -> 4 | HE19: =HA19 -> UNIT | HF19: =HB19 -> 242000 | HG19: =HD19*HF19 -> 968000 | HH19: =J19+GZ19-HD19 -> 0 | HI19: =HE19 -> UNIT | HJ19: =HF19 -> 242000 | HK19: =HH19*HJ19 -> 0 | HL19: TIDAK | HM19: =ROUNDUP(GZ19,0) -> 4 | HN19: =GZ19-HM19 -> 0 | HO19: =ROUNDUP(HB19,0) -> 242000 | HP19: =HB19-HO19 -> 0 | HQ19: =ROUNDUP(HC19,0) -> 968000 | HR19: =HC19-HQ19 -> 0 | HS19: =ROUNDUP(HD19,0) -> 4 | HT19: =HD19-HS19 -> 0 | HU19: =ROUNDUP(HF19,0) -> 242000 | HV19: =HF19-HU19 -> 0 | HW19: =ROUNDUP(HG19,0) -> 968000 | HX19: =HG19-HW19 -> 0 | HY19: =ROUNDUP(HH19,0) -> 0 | HZ19: =HH19-HY19 -> 0 | IA19: =ROUNDUP(HJ19,0) -> 242000 | IB19: =HJ19-IA19 -> 0 | IC19: =ROUNDUP(HK19,0) -> 0 | ID19: =HK19-IC19 -> 0 | IF19: =ROUNDUP(DR19,0) -> 1 | IG19: =DR19-IF19 -> 0 | IH19: =ROUNDUP(DT19,0) -> 242000 | II19: =DT19-IH19 -> 0 | IJ19: =ROUNDUP(DU19,0) -> 242000 | IK19: =DU19-IJ19 -> 0 | IL19: =ROUNDUP(DV19,0) -> 1 | IM19: =DV19-IL19 -> 0 | IN19: =ROUNDUP(DX19,0) -> 242000 | IO19: =DX19-IN19 -> 0 | IP19: =ROUNDUP(DY19,0) -> 242000 | IQ19: =DY19-IP19 -> 0 | IR19: =ROUNDUP(DZ19,0) -> 0 | IS19: =DZ19-IR19 -> 0 | IT19: =ROUNDUP(EB19,0) -> 242000 | IU19: =EB19-IT19 -> 0 | IV19: =ROUNDUP(EC19,0) -> 0 | IW19: =EC19-IV19 -> 0 | IY19: =DR19+GZ19 -> 5 | IZ19: =DS19 -> UNIT | JA19: =DT19 -> 242000 | JB19: =IY19*JA19 -> 1210000 | JC19: =DV19+HD19 -> 5 | JD19: =IZ19 -> UNIT | JE19: =JA19 -> 242000 | JF19: =JC19*JE19 -> 1210000 | JG19: =J19+IY19-JC19 -> 0 | JH19: =JD19 -> UNIT | JI19: =JE19 -> 242000 | JJ19: =JG19*JI19 -> 0
D20: 2 | CI20: =CE20 -> 0 | CJ20: =CF20 -> 0 | CK20: =CH20*CJ20 -> 0 | CM20: =CI20 -> 0 | CN20: =CJ20 -> 0 | CO20: =CL20*CN20 -> 0 | CP20: =CD20+CH20-CL20 -> 0 | CQ20: =CI20 -> 0 | CR20: =CJ20 -> 0 | CS20: =CP20*CR20 -> 0 | CU20: =CQ20 -> 0 | CV20: =CR20 -> 0 | CW20: =CT20*CV20 -> 0 | CY20: =CU20 -> 0 | CZ20: =CV20 -> 0 | DA20: =CX20*CZ20 -> 0 | DB20: =CP20+CT20-CX20 -> 0 | DC20: =CU20 -> 0 | DD20: =CV20 -> 0 | DE20: =DB20*DD20 -> 0 | DG20: =DC20 -> 0 | DH20: =DD20 -> 0 | DI20: =DF20*DH20 -> 0 | DK20: =DG20 -> 0 | DL20: =DH20 -> 0 | DM20: =DJ20*DL20 -> 0 | DN20: =DB20+DF20-DJ20 -> 0 | DO20: =DG20 -> 0 | DP20: =DH20 -> 0 | DQ20: =DN20*DP20 -> 0 | DS20: =DO20 -> 0 | DT20: =DP20 -> 0 | DU20: =DR20*DT20 -> 0 | DW20: =DS20 -> 0 | DX20: =DT20 -> 0 | DY20: =DV20*DX20 -> 0 | DZ20: =DN20+DR20-DV20 -> 0 | EA20: =DS20 -> 0 | EB20: =DT20 -> 0 | EC20: =DZ20*EB20 -> 0 | EE20: =EA20 -> 0 | EF20: =EB20 -> 0 | EG20: =ED20*EF20 -> 0 | EI20: =EE20 -> 0 | EJ20: =EF20 -> 0 | EK20: =EH20*EJ20 -> 0 | EL20: =DZ20+ED20-EH20 -> 0 | EM20: =EE20 -> 0 | EN20: =EF20 -> 0 | EO20: =EL20*EN20 -> 0 | EQ20: =EM20 -> 0 | ER20: =EN20 -> 0 | ES20: =EP20*ER20 -> 0 | EU20: =EQ20 -> 0 | EV20: =ER20 -> 0 | EW20: =ET20*EV20 -> 0 | EX20: =EL20+EP20-ET20 -> 0 | EY20: =EQ20 -> 0 | EZ20: =ER20 -> 0 | FA20: =EX20*EZ20 -> 0 | FB20: =N20+Z20+AL20 -> 0 | FC20: =AU20 -> 0 | FD20: =AV20 -> 0 | FE20: =FB20*FD20 -> 0 | FF20: =R20+AD20+AP20 -> 0 | FG20: =FC20 -> 0 | FH20: =FD20 -> 0 | FI20: =FF20*FH20 -> 0 | FJ20: =J20+FB20-FF20 -> 0 | FK20: =FG20 -> 0 | FL20: =FH20 -> 0 | FM20: =FJ20*FL20 -> 0 | FN20: =AX20+BJ20+BV20 -> 0 | FO20: =FK20 -> 0 | FP20: =FL20 -> 0 | FQ20: =FN20*FP20 -> 0 | FR20: =BB20+BN20+BZ20 -> 0 | FS20: =FO20 -> 0 | FT20: =FP20 -> 0 | FU20: =FR20*FT20 -> 0 | FV20: =FJ20+FN20-FR20 -> 0 | FW20: =FS20 -> 0 | FX20: =FT20 -> 0 | FY20: =FV20*FX20 -> 0 | FZ20: =FB20+FN20 -> 0 | GA20: =FW20 -> 0 | GB20: =FX20 -> 0 | GC20: =FZ20*GB20 -> 0 | GD20: =FF20+FR20 -> 0 | GE20: =GA20 -> 0 | GF20: =GB20 -> 0 | GG20: =GD20*GF20 -> 0 | GH20: =J20+FZ20-GD20 -> 0 | GI20: =GE20 -> 0 | GJ20: =GF20 -> 0 | GK20: =GH20*GJ20 -> 0 | GM20: =CH20+CT20+DF20 -> 0 | GN20: =DO20 -> 0 | GO20: =DP20 -> 0 | GP20: =GM20*GO20 -> 0 | GQ20: =CL20+CX20+DJ20 -> 0 | GR20: =GN20 -> 0 | GS20: =GO20 -> 0 | GT20: =GQ20*GS20 -> 0 | GU20: =GH20+GM20-GQ20 -> 0 | GV20: =GR20 -> 0 | GW20: =GS20 -> 0 | GX20: =GU20*GW20 -> 0 | GZ20: =FZ20+GM20 -> 0 | HA20: =GV20 -> 0 | HB20: =GW20 -> 0 | HC20: =GZ20*HB20 -> 0 | HD20: =GD20+GQ20 -> 0 | HE20: =HA20 -> 0 | HF20: =HB20 -> 0 | HG20: =HD20*HF20 -> 0 | HH20: =J20+GZ20-HD20 -> 0 | HI20: =HE20 -> 0 | HJ20: =HF20 -> 0 | HK20: =HH20*HJ20 -> 0 | HM20: =ROUNDUP(GZ20,0) -> 0 | HN20: =GZ20-HM20 -> 0 | HO20: =ROUNDUP(HB20,0) -> 0 | HP20: =HB20-HO20 -> 0 | HQ20: =ROUNDUP(HC20,0) -> 0 | HR20: =HC20-HQ20 -> 0 | HS20: =ROUNDUP(HD20,0) -> 0 | HT20: =HD20-HS20 -> 0 | HU20: =ROUNDUP(HF20,0) -> 0 | HV20: =HF20-HU20 -> 0 | HW20: =ROUNDUP(HG20,0) -> 0 | HX20: =HG20-HW20 -> 0 | HY20: =ROUNDUP(HH20,0) -> 0 | HZ20: =HH20-HY20 -> 0 | IA20: =ROUNDUP(HJ20,0) -> 0 | IB20: =HJ20-IA20 -> 0 | IC20: =ROUNDUP(HK20,0) -> 0 | ID20: =HK20-IC20 -> 0 | IF20: =ROUNDUP(DR20,0) -> 0 | IG20: =DR20-IF20 -> 0 | IH20: =ROUNDUP(DT20,0) -> 0 | II20: =DT20-IH20 -> 0 | IJ20: =ROUNDUP(DU20,0) -> 0 | IK20: =DU20-IJ20 -> 0 | IL20: =ROUNDUP(DV20,0) -> 0 | IM20: =DV20-IL20 -> 0 | IN20: =ROUNDUP(DX20,0) -> 0 | IO20: =DX20-IN20 -> 0 | IP20: =ROUNDUP(DY20,0) -> 0 | IQ20: =DY20-IP20 -> 0 | IR20: =ROUNDUP(DZ20,0) -> 0 | IS20: =DZ20-IR20 -> 0 | IT20: =ROUNDUP(EB20,0) -> 0 | IU20: =EB20-IT20 -> 0 | IV20: =ROUNDUP(EC20,0) -> 0 | IW20: =EC20-IV20 -> 0
D21: dst.. | CI21: =CE21 -> 0 | CJ21: =CF21 -> 0 | CK21: =CH21*CJ21 -> 0 | CM21: =CI21 -> 0 | CN21: =CJ21 -> 0 | CO21: =CL21*CN21 -> 0 | CP21: =CD21+CH21-CL21 -> 0 | CQ21: =CI21 -> 0 | CR21: =CJ21 -> 0 | CS21: =CP21*CR21 -> 0 | CU21: =CQ21 -> 0 | CV21: =CR21 -> 0 | CW21: =CT21*CV21 -> 0 | CY21: =CU21 -> 0 | CZ21: =CV21 -> 0 | DA21: =CX21*CZ21 -> 0 | DB21: =CP21+CT21-CX21 -> 0 | DC21: =CU21 -> 0 | DD21: =CV21 -> 0 | DE21: =DB21*DD21 -> 0 | DG21: =DC21 -> 0 | DH21: =DD21 -> 0 | DI21: =DF21*DH21 -> 0 | DK21: =DG21 -> 0 | DL21: =DH21 -> 0 | DM21: =DJ21*DL21 -> 0 | DN21: =DB21+DF21-DJ21 -> 0 | DO21: =DG21 -> 0 | DP21: =DH21 -> 0 | DQ21: =DN21*DP21 -> 0 | DS21: =DO21 -> 0 | DT21: =DP21 -> 0 | DU21: =DR21*DT21 -> 0 | DW21: =DS21 -> 0 | DX21: =DT21 -> 0 | DY21: =DV21*DX21 -> 0 | DZ21: =DN21+DR21-DV21 -> 0 | EA21: =DS21 -> 0 | EB21: =DT21 -> 0 | EC21: =DZ21*EB21 -> 0 | EE21: =EA21 -> 0 | EF21: =EB21 -> 0 | EG21: =ED21*EF21 -> 0 | EI21: =EE21 -> 0 | EJ21: =EF21 -> 0 | EK21: =EH21*EJ21 -> 0 | EL21: =DZ21+ED21-EH21 -> 0 | EM21: =EE21 -> 0 | EN21: =EF21 -> 0 | EO21: =EL21*EN21 -> 0 | EQ21: =EM21 -> 0 | ER21: =EN21 -> 0 | ES21: =EP21*ER21 -> 0 | EU21: =EQ21 -> 0 | EV21: =ER21 -> 0 | EW21: =ET21*EV21 -> 0 | EX21: =EL21+EP21-ET21 -> 0 | EY21: =EQ21 -> 0 | EZ21: =ER21 -> 0 | FA21: =EX21*EZ21 -> 0 | FB21: =N21+Z21+AL21 -> 0 | FC21: =AU21 -> 0 | FD21: =AV21 -> 0 | FE21: =FB21*FD21 -> 0 | FF21: =R21+AD21+AP21 -> 0 | FG21: =FC21 -> 0 | FH21: =FD21 -> 0 | FI21: =FF21*FH21 -> 0 | FJ21: =J21+FB21-FF21 -> 0 | FK21: =FG21 -> 0 | FL21: =FH21 -> 0 | FM21: =FJ21*FL21 -> 0 | FN21: =AX21+BJ21+BV21 -> 0 | FO21: =FK21 -> 0 | FP21: =FL21 -> 0 | FQ21: =FN21*FP21 -> 0 | FR21: =BB21+BN21+BZ21 -> 0 | FS21: =FO21 -> 0 | FT21: =FP21 -> 0 | FU21: =FR21*FT21 -> 0 | FV21: =FJ21+FN21-FR21 -> 0 | FW21: =FS21 -> 0 | FX21: =FT21 -> 0 | FY21: =FV21*FX21 -> 0 | FZ21: =FB21+FN21 -> 0 | GA21: =FW21 -> 0 | GB21: =FX21 -> 0 | GC21: =FZ21*GB21 -> 0 | GD21: =FF21+FR21 -> 0 | GE21: =GA21 -> 0 | GF21: =GB21 -> 0 | GG21: =GD21*GF21 -> 0 | GH21: =J21+FZ21-GD21 -> 0 | GI21: =GE21 -> 0 | GJ21: =GF21 -> 0 | GK21: =GH21*GJ21 -> 0 | GM21: =CH21+CT21+DF21 -> 0 | GN21: =DO21 -> 0 | GO21: =DP21 -> 0 | GP21: =GM21*GO21 -> 0 | GQ21: =CL21+CX21+DJ21 -> 0 | GR21: =GN21 -> 0 | GS21: =GO21 -> 0 | GT21: =GQ21*GS21 -> 0 | GU21: =GH21+GM21-GQ21 -> 0 | GV21: =GR21 -> 0 | GW21: =GS21 -> 0 | GX21: =GU21*GW21 -> 0 | GZ21: =FZ21+GM21 -> 0 | HA21: =GV21 -> 0 | HB21: =GW21 -> 0 | HC21: =GZ21*HB21 -> 0 | HD21: =GD21+GQ21 -> 0 | HE21: =HA21 -> 0 | HF21: =HB21 -> 0 | HG21: =HD21*HF21 -> 0 | HH21: =J21+GZ21-HD21 -> 0 | HI21: =HE21 -> 0 | HJ21: =HF21 -> 0 | HK21: =HH21*HJ21 -> 0 | HM21: =ROUNDUP(GZ21,0) -> 0 | HN21: =GZ21-HM21 -> 0 | HO21: =ROUNDUP(HB21,0) -> 0 | HP21: =HB21-HO21 -> 0 | HQ21: =ROUNDUP(HC21,0) -> 0 | HR21: =HC21-HQ21 -> 0 | HS21: =ROUNDUP(HD21,0) -> 0 | HT21: =HD21-HS21 -> 0 | HU21: =ROUNDUP(HF21,0) -> 0 | HV21: =HF21-HU21 -> 0 | HW21: =ROUNDUP(HG21,0) -> 0 | HX21: =HG21-HW21 -> 0 | HY21: =ROUNDUP(HH21,0) -> 0 | HZ21: =HH21-HY21 -> 0 | IA21: =ROUNDUP(HJ21,0) -> 0 | IB21: =HJ21-IA21 -> 0 | IC21: =ROUNDUP(HK21,0) -> 0 | ID21: =HK21-IC21 -> 0 | IF21: =ROUNDUP(DR21,0) -> 0 | IG21: =DR21-IF21 -> 0 | IH21: =ROUNDUP(DT21,0) -> 0 | II21: =DT21-IH21 -> 0 | IJ21: =ROUNDUP(DU21,0) -> 0 | IK21: =DU21-IJ21 -> 0 | IL21: =ROUNDUP(DV21,0) -> 0 | IM21: =DV21-IL21 -> 0 | IN21: =ROUNDUP(DX21,0) -> 0 | IO21: =DX21-IN21 -> 0 | IP21: =ROUNDUP(DY21,0) -> 0 | IQ21: =DY21-IP21 -> 0 | IR21: =ROUNDUP(DZ21,0) -> 0 | IS21: =DZ21-IR21 -> 0 | IT21: =ROUNDUP(EB21,0) -> 0 | IU21: =EB21-IT21 -> 0 | IV21: =ROUNDUP(EC21,0) -> 0 | IW21: =EC21-IV21 -> 0
D22: TOTAL | M22: =SUM(M19:M19) -> 0 | Q22: =SUM(Q19:Q19) -> 0 | U22: =SUM(U19:U19) -> 0 | Y22: =SUM(Y19:Y19) -> 0 | AC22: =SUM(AC19:AC19) -> 242000 | AG22: =SUM(AG19:AG19) -> 242000 | AK22: =SUM(AK19:AK19) -> 0 | AO22: =SUM(AO19:AO19) -> 0 | AS22: =SUM(AS19:AS19) -> 0 | AW22: =SUM(AW19:AW19) -> 0 | BA22: =SUM(BA19:BA19) -> 242000 | BE22: =SUM(BE19:BE19) -> 242000 | BI22: =SUM(BI19:BI19) -> 0 | BM22: =SUM(BM19:BM19) -> 0 | BQ22: =SUM(BQ19:BQ19) -> 0 | BU22: =SUM(BU19:BU19) -> 0 | BY22: =SUM(BY19:BY19) -> 242000 | CC22: =SUM(CC19:CC19) -> 242000 | CG22: =SUM(CG19:CG19) -> 0 | CK22: =SUM(CK19:CK19) -> 0 | CO22: =SUM(CO19:CO19) -> 0 | CS22: =SUM(CS19:CS19) -> 0 | CW22: =SUM(CW19:CW19) -> 242000 | DA22: =SUM(DA19:DA19) -> 242000 | DE22: =SUM(DE19:DE19) -> 0 | DI22: =SUM(DI19:DI19) -> 0 | DM22: =SUM(DM19:DM19) -> 0 | DQ22: =SUM(DQ19:DQ19) -> 0 | DU22: =SUM(DU19:DU19) -> 242000 | DY22: =SUM(DY19:DY19) -> 242000 | EC22: =SUM(EC19:EC19) -> 0 | EG22: =SUM(EG19:EG19) -> 0 | EK22: =SUM(EK19:EK19) -> 0 | EO22: =SUM(EO19:EO19) -> 0 | ES22: =SUM(ES19:ES19) -> 242000 | EW22: =SUM(EW19:EW19) -> 242000 | FA22: =SUM(FA19:FA19) -> 0
A23: 4 | C23: 5.1.02.01.01.0012 | D23: Bahan-Bahan Lainnya
D24: 1 | M24: =J24*L24 -> 0 | Q24: =N24*P24 -> 0 | S24: =O24 -> 0 | T24: =P24 -> 0 | U24: =R24*T24 -> 0 | V24: =J24+N24-R24 -> 0 | W24: =O24 -> 0 | X24: =P24 -> 0 | Y24: =V24*X24 -> 0 | AC24: =Z24*AB24 -> 0 | AE24: =AA24 -> 0 | AF24: =AB24 -> 0 | AG24: =AD24*AF24 -> 0 | AH24: =V24+Z24-AD24 -> 0 | AI24: =AA24 -> 0 | AJ24: =AB24 -> 0 | AK24: =AH24*AJ24 -> 0 | AO24: =AL24*AN24 -> 0 | AQ24: =AM24 -> 0 | AR24: =AN24 -> 0 | AS24: =AP24*AR24 -> 0 | AT24: =AH24+AL24-AP24 -> 0 | AU24: =AM24 -> 0 | AV24: =AN24 -> 0 | AW24: =AT24*AV24 -> 0 | BA24: =AX24*AZ24 -> 0 | BC24: =AY24 -> 0 | BD24: =AZ24 -> 0 | BE24: =BB24*BD24 -> 0 | BF24: =AT24+AX24-BB24 -> 0 | BG24: =AY24 -> 0 | BH24: =AZ24 -> 0 | BI24: =BF24*BH24 -> 0 | BM24: =BJ24*BL24 -> 0 | BO24: =BK24 -> 0 | BP24: =BL24 -> 0 | BQ24: =BN24*BP24 -> 0 | BR24: =BF24+BJ24-BN24 -> 0 | BS24: =BK24 -> 0 | BT24: =BL24 -> 0 | BU24: =BR24*BT24 -> 0 | BY24: =BV24*BX24 -> 0 | CA24: =BW24 -> 0 | CB24: =BX24 -> 0 | CC24: =BZ24*CB24 -> 0 | CD24: =BR24+BV24-BZ24 -> 0 | CE24: =BW24 -> 0 | CF24: =BX24 -> 0 | CG24: =CD24*CF24 -> 0 | CI24: =CE24 -> 0 | CJ24: =CF24 -> 0 | CK24: =CH24*CJ24 -> 0 | CM24: =CI24 -> 0 | CN24: =CJ24 -> 0 | CO24: =CL24*CN24 -> 0 | CP24: =CD24+CH24-CL24 -> 0 | CQ24: =CI24 -> 0 | CR24: =CJ24 -> 0 | CS24: =CP24*CR24 -> 0 | CU24: =CQ24 -> 0 | CV24: =CR24 -> 0 | CW24: =CT24*CV24 -> 0 | CY24: =CU24 -> 0 | CZ24: =CV24 -> 0 | DA24: =CX24*CZ24 -> 0 | DB24: =CP24+CT24-CX24 -> 0 | DC24: =CU24 -> 0 | DD24: =CV24 -> 0 | DE24: =DB24*DD24 -> 0 | DG24: =DC24 -> 0 | DH24: =DD24 -> 0 | DI24: =DF24*DH24 -> 0 | DK24: =DG24 -> 0 | DL24: =DH24 -> 0 | DM24: =DJ24*DL24 -> 0 | DN24: =DB24+DF24-DJ24 -> 0 | DO24: =DG24 -> 0 | DP24: =DH24 -> 0 | DQ24: =DN24*DP24 -> 0 | DS24: =DO24 -> 0 | DT24: =DP24 -> 0 | DU24: =DR24*DT24 -> 0 | DW24: =DS24 -> 0 | DX24: =DT24 -> 0 | DY24: =DV24*DX24 -> 0 | DZ24: =DN24+DR24-DV24 -> 0 | EA24: =DS24 -> 0 | EB24: =DT24 -> 0 | EC24: =DZ24*EB24 -> 0 | EE24: =EA24 -> 0 | EF24: =EB24 -> 0 | EG24: =ED24*EF24 -> 0 | EI24: =EE24 -> 0 | EJ24: =EF24 -> 0 | EK24: =EH24*EJ24 -> 0 | EL24: =DZ24+ED24-EH24 -> 0 | EM24: =EE24 -> 0 | EN24: =EF24 -> 0 | EO24: =EL24*EN24 -> 0 | EQ24: =EM24 -> 0 | ER24: =EN24 -> 0 | ES24: =EP24*ER24 -> 0 | EU24: =EQ24 -> 0 | EV24: =ER24 -> 0 | EW24: =ET24*EV24 -> 0 | EX24: =EL24+EP24-ET24 -> 0 | EY24: =EQ24 -> 0 | EZ24: =ER24 -> 0 | FA24: =EX24*EZ24 -> 0 | FB24: =N24+Z24+AL24 -> 0 | FC24: =AU24 -> 0 | FD24: =AV24 -> 0 | FE24: =FB24*FD24 -> 0 | FF24: =R24+AD24+AP24 -> 0 | FG24: =FC24 -> 0 | FH24: =FD24 -> 0 | FI24: =FF24*FH24 -> 0 | FJ24: =J24+FB24-FF24 -> 0 | FK24: =FG24 -> 0 | FL24: =FH24 -> 0 | FM24: =FJ24*FL24 -> 0 | FN24: =AX24+BJ24+BV24 -> 0 | FO24: =FK24 -> 0 | FP24: =FL24 -> 0 | FQ24: =FN24*FP24 -> 0 | FR24: =BB24+BN24+BZ24 -> 0 | FS24: =FO24 -> 0 | FT24: =FP24 -> 0 | FU24: =FR24*FT24 -> 0 | FV24: =FJ24+FN24-FR24 -> 0 | FW24: =FS24 -> 0 | FX24: =FT24 -> 0 | FY24: =FV24*FX24 -> 0 | FZ24: =FB24+FN24 -> 0 | GA24: =FW24 -> 0 | GB24: =FX24 -> 0 | GC24: =FZ24*GB24 -> 0 | GD24: =FF24+FR24 -> 0 | GE24: =GA24 -> 0 | GF24: =GB24 -> 0 | GG24: =GD24*GF24 -> 0 | GH24: =J24+FZ24-GD24 -> 0 | GI24: =GE24 -> 0 | GJ24: =GF24 -> 0 | GK24: =GH24*GJ24 -> 0 | GM24: =CH24+CT24+DF24 -> 0 | GN24: =DO24 -> 0 | GO24: =DP24 -> 0 | GP24: =GM24*GO24 -> 0 | GQ24: =CL24+CX24+DJ24 -> 0 | GR24: =GN24 -> 0 | GS24: =GO24 -> 0 | GT24: =GQ24*GS24 -> 0 | GU24: =GH24+GM24-GQ24 -> 0 | GV24: =GR24 -> 0 | GW24: =GS24 -> 0 | GX24: =GU24*GW24 -> 0 | GZ24: =FZ24+GM24 -> 0 | HA24: =GV24 -> 0 | HB24: =GW24 -> 0 | HC24: =GZ24*HB24 -> 0 | HD24: =GD24+GQ24 -> 0 | HE24: =HA24 -> 0 | HF24: =HB24 -> 0 | HG24: =HD24*HF24 -> 0 | HH24: =J24+GZ24-HD24 -> 0 | HI24: =HE24 -> 0 | HJ24: =HF24 -> 0 | HK24: =HH24*HJ24 -> 0 | HM24: =ROUNDUP(GZ24,0) -> 0 | HN24: =GZ24-HM24 -> 0 | HO24: =ROUNDUP(HB24,0) -> 0 | HP24: =HB24-HO24 -> 0 | HQ24: =ROUNDUP(HC24,0) -> 0 | HR24: =HC24-HQ24 -> 0 | HS24: =ROUNDUP(HD24,0) -> 0 | HT24: =HD24-HS24 -> 0 | HU24: =ROUNDUP(HF24,0) -> 0 | HV24: =HF24-HU24 -> 0 | HW24: =ROUNDUP(HG24,0) -> 0 | HX24: =HG24-HW24 -> 0 | HY24: =ROUNDUP(HH24,0) -> 0 | HZ24: =HH24-HY24 -> 0 | IA24: =ROUNDUP(HJ24,0) -> 0 | IB24: =HJ24-IA24 -> 0 | IC24: =ROUNDUP(HK24,0) -> 0 | ID24: =HK24-IC24 -> 0 | IF24: =ROUNDUP(DR24,0) -> 0 | IG24: =DR24-IF24 -> 0 | IH24: =ROUNDUP(DT24,0) -> 0 | II24: =DT24-IH24 -> 0 | IJ24: =ROUNDUP(DU24,0) -> 0 | IK24: =DU24-IJ24 -> 0 | IL24: =ROUNDUP(DV24,0) -> 0 | IM24: =DV24-IL24 -> 0 | IN24: =ROUNDUP(DX24,0) -> 0 | IO24: =DX24-IN24 -> 0 | IP24: =ROUNDUP(DY24,0) -> 0 | IQ24: =DY24-IP24 -> 0 | IR24: =ROUNDUP(DZ24,0) -> 0 | IS24: =DZ24-IR24 -> 0 | IT24: =ROUNDUP(EB24,0) -> 0 | IU24: =EB24-IT24 -> 0 | IV24: =ROUNDUP(EC24,0) -> 0 | IW24: =EC24-IV24 -> 0
D25: 2 | M25: =J25*L25 -> 0 | Q25: =N25*P25 -> 0 | S25: =O25 -> 0 | T25: =P25 -> 0 | U25: =R25*T25 -> 0 | V25: =J25+N25-R25 -> 0 | W25: =O25 -> 0 | X25: =P25 -> 0 | Y25: =V25*X25 -> 0 | AC25: =Z25*AB25 -> 0 | AE25: =AA25 -> 0 | AF25: =AB25 -> 0 | AG25: =AD25*AF25 -> 0 | AH25: =V25+Z25-AD25 -> 0 | AI25: =AA25 -> 0 | AJ25: =AB25 -> 0 | AK25: =AH25*AJ25 -> 0 | AO25: =AL25*AN25 -> 0 | AQ25: =AM25 -> 0 | AR25: =AN25 -> 0 | AS25: =AP25*AR25 -> 0 | AT25: =AH25+AL25-AP25 -> 0 | AU25: =AM25 -> 0 | AV25: =AN25 -> 0 | AW25: =AT25*AV25 -> 0 | BA25: =AX25*AZ25 -> 0 | BC25: =AY25 -> 0 | BD25: =AZ25 -> 0 | BE25: =BB25*BD25 -> 0 | BF25: =AT25+AX25-BB25 -> 0 | BG25: =AY25 -> 0 | BH25: =AZ25 -> 0 | BI25: =BF25*BH25 -> 0 | BM25: =BJ25*BL25 -> 0 | BO25: =BK25 -> 0 | BP25: =BL25 -> 0 | BQ25: =BN25*BP25 -> 0 | BR25: =BF25+BJ25-BN25 -> 0 | BS25: =BK25 -> 0 | BT25: =BL25 -> 0 | BU25: =BR25*BT25 -> 0 | BY25: =BV25*BX25 -> 0 | CA25: =BW25 -> 0 | CB25: =BX25 -> 0 | CC25: =BZ25*CB25 -> 0 | CD25: =BR25+BV25-BZ25 -> 0 | CE25: =BW25 -> 0 | CF25: =BX25 -> 0 | CG25: =CD25*CF25 -> 0 | CI25: =CE25 -> 0 | CJ25: =CF25 -> 0 | CK25: =CH25*CJ25 -> 0 | CM25: =CI25 -> 0 | CN25: =CJ25 -> 0 | CO25: =CL25*CN25 -> 0 | CP25: =CD25+CH25-CL25 -> 0 | CQ25: =CI25 -> 0 | CR25: =CJ25 -> 0 | CS25: =CP25*CR25 -> 0 | CU25: =CQ25 -> 0 | CV25: =CR25 -> 0 | CW25: =CT25*CV25 -> 0 | CY25: =CU25 -> 0 | CZ25: =CV25 -> 0 | DA25: =CX25*CZ25 -> 0 | DB25: =CP25+CT25-CX25 -> 0 | DC25: =CU25 -> 0 | DD25: =CV25 -> 0 | DE25: =DB25*DD25 -> 0 | DG25: =DC25 -> 0 | DH25: =DD25 -> 0 | DI25: =DF25*DH25 -> 0 | DK25: =DG25 -> 0 | DL25: =DH25 -> 0 | DM25: =DJ25*DL25 -> 0 | DN25: =DB25+DF25-DJ25 -> 0 | DO25: =DG25 -> 0 | DP25: =DH25 -> 0 | DQ25: =DN25*DP25 -> 0 | DS25: =DO25 -> 0 | DT25: =DP25 -> 0 | DU25: =DR25*DT25 -> 0 | DW25: =DS25 -> 0 | DX25: =DT25 -> 0 | DY25: =DV25*DX25 -> 0 | DZ25: =DN25+DR25-DV25 -> 0 | EA25: =DS25 -> 0 | EB25: =DT25 -> 0 | EC25: =DZ25*EB25 -> 0 | EE25: =EA25 -> 0 | EF25: =EB25 -> 0 | EG25: =ED25*EF25 -> 0 | EI25: =EE25 -> 0 | EJ25: =EF25 -> 0 | EK25: =EH25*EJ25 -> 0 | EL25: =DZ25+ED25-EH25 -> 0 | EM25: =EE25 -> 0 | EN25: =EF25 -> 0 | EO25: =EL25*EN25 -> 0 | EQ25: =EM25 -> 0 | ER25: =EN25 -> 0 | ES25: =EP25*ER25 -> 0 | EU25: =EQ25 -> 0 | EV25: =ER25 -> 0 | EW25: =ET25*EV25 -> 0 | EX25: =EL25+EP25-ET25 -> 0 | EY25: =EQ25 -> 0 | EZ25: =ER25 -> 0 | FA25: =EX25*EZ25 -> 0 | FB25: =N25+Z25+AL25 -> 0 | FC25: =AU25 -> 0 | FD25: =AV25 -> 0 | FE25: =FB25*FD25 -> 0 | FF25: =R25+AD25+AP25 -> 0 | FG25: =FC25 -> 0 | FH25: =FD25 -> 0 | FI25: =FF25*FH25 -> 0 | FJ25: =J25+FB25-FF25 -> 0 | FK25: =FG25 -> 0 | FL25: =FH25 -> 0 | FM25: =FJ25*FL25 -> 0 | FN25: =AX25+BJ25+BV25 -> 0 | FO25: =FK25 -> 0 | FP25: =FL25 -> 0 | FQ25: =FN25*FP25 -> 0 | FR25: =BB25+BN25+BZ25 -> 0 | FS25: =FO25 -> 0 | FT25: =FP25 -> 0 | FU25: =FR25*FT25 -> 0 | FV25: =FJ25+FN25-FR25 -> 0 | FW25: =FS25 -> 0 | FX25: =FT25 -> 0 | FY25: =FV25*FX25 -> 0 | FZ25: =FB25+FN25 -> 0 | GA25: =FW25 -> 0 | GB25: =FX25 -> 0 | GC25: =FZ25*GB25 -> 0 | GD25: =FF25+FR25 -> 0 | GE25: =GA25 -> 0 | GF25: =GB25 -> 0 | GG25: =GD25*GF25 -> 0 | GH25: =J25+FZ25-GD25 -> 0 | GI25: =GE25 -> 0 | GJ25: =GF25 -> 0 | GK25: =GH25*GJ25 -> 0 | GM25: =CH25+CT25+DF25 -> 0 | GN25: =DO25 -> 0 | GO25: =DP25 -> 0 | GP25: =GM25*GO25 -> 0 | GQ25: =CL25+CX25+DJ25 -> 0 | GR25: =GN25 -> 0 | GS25: =GO25 -> 0 | GT25: =GQ25*GS25 -> 0 | GU25: =GH25+GM25-GQ25 -> 0 | GV25: =GR25 -> 0 | GW25: =GS25 -> 0 | GX25: =GU25*GW25 -> 0 | GZ25: =FZ25+GM25 -> 0 | HA25: =GV25 -> 0 | HB25: =GW25 -> 0 | HC25: =GZ25*HB25 -> 0 | HD25: =GD25+GQ25 -> 0 | HE25: =HA25 -> 0 | HF25: =HB25 -> 0 | HG25: =HD25*HF25 -> 0 | HH25: =J25+GZ25-HD25 -> 0 | HI25: =HE25 -> 0 | HJ25: =HF25 -> 0 | HK25: =HH25*HJ25 -> 0 | HM25: =ROUNDUP(GZ25,0) -> 0 | HN25: =GZ25-HM25 -> 0 | HO25: =ROUNDUP(HB25,0) -> 0 | HP25: =HB25-HO25 -> 0 | HQ25: =ROUNDUP(HC25,0) -> 0 | HR25: =HC25-HQ25 -> 0 | HS25: =ROUNDUP(HD25,0) -> 0 | HT25: =HD25-HS25 -> 0 | HU25: =ROUNDUP(HF25,0) -> 0 | HV25: =HF25-HU25 -> 0 | HW25: =ROUNDUP(HG25,0) -> 0 | HX25: =HG25-HW25 -> 0 | HY25: =ROUNDUP(HH25,0) -> 0 | HZ25: =HH25-HY25 -> 0 | IA25: =ROUNDUP(HJ25,0) -> 0 | IB25: =HJ25-IA25 -> 0 | IC25: =ROUNDUP(HK25,0) -> 0 | ID25: =HK25-IC25 -> 0 | IF25: =ROUNDUP(DR25,0) -> 0 | IG25: =DR25-IF25 -> 0 | IH25: =ROUNDUP(DT25,0) -> 0 | II25: =DT25-IH25 -> 0 | IJ25: =ROUNDUP(DU25,0) -> 0 | IK25: =DU25-IJ25 -> 0 | IL25: =ROUNDUP(DV25,0) -> 0 | IM25: =DV25-IL25 -> 0 | IN25: =ROUNDUP(DX25,0) -> 0 | IO25: =DX25-IN25 -> 0 | IP25: =ROUNDUP(DY25,0) -> 0 | IQ25: =DY25-IP25 -> 0 | IR25: =ROUNDUP(DZ25,0) -> 0 | IS25: =DZ25-IR25 -> 0 | IT25: =ROUNDUP(EB25,0) -> 0 | IU25: =EB25-IT25 -> 0 | IV25: =ROUNDUP(EC25,0) -> 0 | IW25: =EC25-IV25 -> 0
D26: dst.. | M26: =J26*L26 -> 0 | Q26: =N26*P26 -> 0 | S26: =O26 -> 0 | T26: =P26 -> 0 | U26: =R26*T26 -> 0 | V26: =J26+N26-R26 -> 0 | W26: =O26 -> 0 | X26: =P26 -> 0 | Y26: =V26*X26 -> 0 | AC26: =Z26*AB26 -> 0 | AE26: =AA26 -> 0 | AF26: =AB26 -> 0 | AG26: =AD26*AF26 -> 0 | AH26: =V26+Z26-AD26 -> 0 | AI26: =AA26 -> 0 | AJ26: =AB26 -> 0 | AK26: =AH26*AJ26 -> 0 | AO26: =AL26*AN26 -> 0 | AQ26: =AM26 -> 0 | AR26: =AN26 -> 0 | AS26: =AP26*AR26 -> 0 | AT26: =AH26+AL26-AP26 -> 0 | AU26: =AM26 -> 0 | AV26: =AN26 -> 0 | AW26: =AT26*AV26 -> 0 | BA26: =AX26*AZ26 -> 0 | BC26: =AY26 -> 0 | BD26: =AZ26 -> 0 | BE26: =BB26*BD26 -> 0 | BF26: =AT26+AX26-BB26 -> 0 | BG26: =AY26 -> 0 | BH26: =AZ26 -> 0 | BI26: =BF26*BH26 -> 0 | BM26: =BJ26*BL26 -> 0 | BO26: =BK26 -> 0 | BP26: =BL26 -> 0 | BQ26: =BN26*BP26 -> 0 | BR26: =BF26+BJ26-BN26 -> 0 | BS26: =BK26 -> 0 | BT26: =BL26 -> 0 | BU26: =BR26*BT26 -> 0 | BY26: =BV26*BX26 -> 0 | CA26: =BW26 -> 0 | CB26: =BX26 -> 0 | CC26: =BZ26*CB26 -> 0 | CD26: =BR26+BV26-BZ26 -> 0 | CE26: =BW26 -> 0 | CF26: =BX26 -> 0 | CG26: =CD26*CF26 -> 0 | CI26: =CE26 -> 0 | CJ26: =CF26 -> 0 | CK26: =CH26*CJ26 -> 0 | CM26: =CI26 -> 0 | CN26: =CJ26 -> 0 | CO26: =CL26*CN26 -> 0 | CP26: =CD26+CH26-CL26 -> 0 | CQ26: =CI26 -> 0 | CR26: =CJ26 -> 0 | CS26: =CP26*CR26 -> 0 | CU26: =CQ26 -> 0 | CV26: =CR26 -> 0 | CW26: =CT26*CV26 -> 0 | CY26: =CU26 -> 0 | CZ26: =CV26 -> 0 | DA26: =CX26*CZ26 -> 0 | DB26: =CP26+CT26-CX26 -> 0 | DC26: =CU26 -> 0 | DD26: =CV26 -> 0 | DE26: =DB26*DD26 -> 0 | DG26: =DC26 -> 0 | DH26: =DD26 -> 0 | DI26: =DF26*DH26 -> 0 | DK26: =DG26 -> 0 | DL26: =DH26 -> 0 | DM26: =DJ26*DL26 -> 0 | DN26: =DB26+DF26-DJ26 -> 0 | DO26: =DG26 -> 0 | DP26: =DH26 -> 0 | DQ26: =DN26*DP26 -> 0 | DS26: =DO26 -> 0 | DT26: =DP26 -> 0 | DU26: =DR26*DT26 -> 0 | DW26: =DS26 -> 0 | DX26: =DT26 -> 0 | DY26: =DV26*DX26 -> 0 | DZ26: =DN26+DR26-DV26 -> 0 | EA26: =DS26 -> 0 | EB26: =DT26 -> 0 | EC26: =DZ26*EB26 -> 0 | EE26: =EA26 -> 0 | EF26: =EB26 -> 0 | EG26: =ED26*EF26 -> 0 | EI26: =EE26 -> 0 | EJ26: =EF26 -> 0 | EK26: =EH26*EJ26 -> 0 | EL26: =DZ26+ED26-EH26 -> 0 | EM26: =EE26 -> 0 | EN26: =EF26 -> 0 | EO26: =EL26*EN26 -> 0 | EQ26: =EM26 -> 0 | ER26: =EN26 -> 0 | ES26: =EP26*ER26 -> 0 | EU26: =EQ26 -> 0 | EV26: =ER26 -> 0 | EW26: =ET26*EV26 -> 0 | EX26: =EL26+EP26-ET26 -> 0 | EY26: =EQ26 -> 0 | EZ26: =ER26 -> 0 | FA26: =EX26*EZ26 -> 0 | FB26: =N26+Z26+AL26 -> 0 | FC26: =AU26 -> 0 | FD26: =AV26 -> 0 | FE26: =FB26*FD26 -> 0 | FF26: =R26+AD26+AP26 -> 0 | FG26: =FC26 -> 0 | FH26: =FD26 -> 0 | FI26: =FF26*FH26 -> 0 | FJ26: =J26+FB26-FF26 -> 0 | FK26: =FG26 -> 0 | FL26: =FH26 -> 0 | FM26: =FJ26*FL26 -> 0 | FN26: =AX26+BJ26+BV26 -> 0 | FO26: =FK26 -> 0 | FP26: =FL26 -> 0 | FQ26: =FN26*FP26 -> 0 | FR26: =BB26+BN26+BZ26 -> 0 | FS26: =FO26 -> 0 | FT26: =FP26 -> 0 | FU26: =FR26*FT26 -> 0 | FV26: =FJ26+FN26-FR26 -> 0 | FW26: =FS26 -> 0 | FX26: =FT26 -> 0 | FY26: =FV26*FX26 -> 0 | FZ26: =FB26+FN26 -> 0 | GA26: =FW26 -> 0 | GB26: =FX26 -> 0 | GC26: =FZ26*GB26 -> 0 | GD26: =FF26+FR26 -> 0 | GE26: =GA26 -> 0 | GF26: =GB26 -> 0 | GG26: =GD26*GF26 -> 0 | GH26: =J26+FZ26-GD26 -> 0 | GI26: =GE26 -> 0 | GJ26: =GF26 -> 0 | GK26: =GH26*GJ26 -> 0 | GM26: =CH26+CT26+DF26 -> 0 | GN26: =DO26 -> 0 | GO26: =DP26 -> 0 | GP26: =GM26*GO26 -> 0 | GQ26: =CL26+CX26+DJ26 -> 0 | GR26: =GN26 -> 0 | GS26: =GO26 -> 0 | GT26: =GQ26*GS26 -> 0 | GU26: =GH26+GM26-GQ26 -> 0 | GV26: =GR26 -> 0 | GW26: =GS26 -> 0 | GX26: =GU26*GW26 -> 0 | GZ26: =FZ26+GM26 -> 0 | HA26: =GV26 -> 0 | HB26: =GW26 -> 0 | HC26: =GZ26*HB26 -> 0 | HD26: =GD26+GQ26 -> 0 | HE26: =HA26 -> 0 | HF26: =HB26 -> 0 | HG26: =HD26*HF26 -> 0 | HH26: =J26+GZ26-HD26 -> 0 | HI26: =HE26 -> 0 | HJ26: =HF26 -> 0 | HK26: =HH26*HJ26 -> 0 | HM26: =ROUNDUP(GZ26,0) -> 0 | HN26: =GZ26-HM26 -> 0 | HO26: =ROUNDUP(HB26,0) -> 0 | HP26: =HB26-HO26 -> 0 | HQ26: =ROUNDUP(HC26,0) -> 0 | HR26: =HC26-HQ26 -> 0 | HS26: =ROUNDUP(HD26,0) -> 0 | HT26: =HD26-HS26 -> 0 | HU26: =ROUNDUP(HF26,0) -> 0 | HV26: =HF26-HU26 -> 0 | HW26: =ROUNDUP(HG26,0) -> 0 | HX26: =HG26-HW26 -> 0 | HY26: =ROUNDUP(HH26,0) -> 0 | HZ26: =HH26-HY26 -> 0 | IA26: =ROUNDUP(HJ26,0) -> 0 | IB26: =HJ26-IA26 -> 0 | IC26: =ROUNDUP(HK26,0) -> 0 | ID26: =HK26-IC26 -> 0 | IF26: =ROUNDUP(DR26,0) -> 0 | IG26: =DR26-IF26 -> 0 | IH26: =ROUNDUP(DT26,0) -> 0 | II26: =DT26-IH26 -> 0 | IJ26: =ROUNDUP(DU26,0) -> 0 | IK26: =DU26-IJ26 -> 0 | IL26: =ROUNDUP(DV26,0) -> 0 | IM26: =DV26-IL26 -> 0 | IN26: =ROUNDUP(DX26,0) -> 0 | IO26: =DX26-IN26 -> 0 | IP26: =ROUNDUP(DY26,0) -> 0 | IQ26: =DY26-IP26 -> 0 | IR26: =ROUNDUP(DZ26,0) -> 0 | IS26: =DZ26-IR26 -> 0 | IT26: =ROUNDUP(EB26,0) -> 0 | IU26: =EB26-IT26 -> 0 | IV26: =ROUNDUP(EC26,0) -> 0 | IW26: =EC26-IV26 -> 0
D27: TOTAL | M27: =SUM(M24:M26) -> 0 | Q27: =SUM(Q24:Q26) -> 0 | U27: =SUM(U24:U26) -> 0 | Y27: =SUM(Y24:Y26) -> 0 | AC27: =SUM(AC24:AC26) -> 0 | AG27: =SUM(AG24:AG26) -> 0 | AK27: =SUM(AK24:AK26) -> 0 | AO27: =SUM(AO24:AO26) -> 0 | AS27: =SUM(AS24:AS26) -> 0 | AW27: =SUM(AW24:AW26) -> 0 | BA27: =SUM(BA24:BA26) -> 0 | BE27: =SUM(BE24:BE26) -> 0 | BI27: =SUM(BI24:BI26) -> 0 | BM27: =SUM(BM24:BM26) -> 0 | BQ27: =SUM(BQ24:BQ26) -> 0 | BU27: =SUM(BU24:BU26) -> 0 | BY27: =SUM(BY24:BY26) -> 0 | CC27: =SUM(CC24:CC26) -> 0 | CG27: =SUM(CG24:CG26) -> 0 | CK27: =SUM(CK24:CK26) -> 0 | CO27: =SUM(CO24:CO26) -> 0 | CS27: =SUM(CS24:CS26) -> 0 | CW27: =SUM(CW24:CW26) -> 0 | DA27: =SUM(DA24:DA26) -> 0 | DE27: =SUM(DE24:DE26) -> 0 | DI27: =SUM(DI24:DI26) -> 0 | DM27: =SUM(DM24:DM26) -> 0 | DQ27: =SUM(DQ24:DQ26) -> 0 | DU27: =SUM(DU24:DU26) -> 0 | DY27: =SUM(DY24:DY26) -> 0 | EC27: =SUM(EC24:EC26) -> 0 | EG27: =SUM(EG24:EG26) -> 0 | EK27: =SUM(EK24:EK26) -> 0 | EO27: =SUM(EO24:EO26) -> 0 | ES27: =SUM(ES24:ES26) -> 0 | EW27: =SUM(EW24:EW26) -> 0 | FA27: =SUM(FA24:FA26) -> 0
A28: 5 | C28: 5.1.02.01.01.0024 | D28: Alat/Bahan untuk Kegiatan Kantor-Alat Tulis Kantor
B29: CABANG PENDIDIKAN WILAYAH X | C29: 5.1.02.01.01.0024 | D29: 1 | E29: Ballpoint Balliner 0.8 mm | J29: 2 | K29: Pack | L29: 81100 | M29: 162200 | O29: Pack | P29: 81100 | Q29: 0 | R29: 1 | S29: =O29 -> Pack | T29: =P29 -> 81100 | U29: =R29*T29 -> 81100 | V29: =J29+N29-R29 -> 1 | W29: =O29 -> Pack | X29: =P29 -> 81100 | Y29: =V29*X29 -> 81100 | AA29: =W29 -> Pack | AB29: =X29 -> 81100 | AC29: =Z29*AB29 -> 0 | AE29: =AA29 -> Pack | AF29: =AB29 -> 81100 | AG29: =AD29*AF29 -> 0 | AH29: =V29+Z29-AD29 -> 1 | AI29: =AA29 -> Pack | AJ29: =AB29 -> 81100 | AK29: =AH29*AJ29 -> 81100 | AM29: =AI29 -> Pack | AN29: =AJ29 -> 81100 | AO29: =AL29*AN29 -> 0 | AP29: 1 | AQ29: =AM29 -> Pack | AR29: =AN29 -> 81100 | AS29: =AP29*AR29 -> 81100 | AT29: =AH29+AL29-AP29 -> 0 | AU29: =AM29 -> Pack | AV29: =AN29 -> 81100 | AW29: =AT29*AV29 -> 0 | AY29: =AU29 -> Pack | AZ29: =AV29 -> 81100 | BA29: =AX29*AZ29 -> 0 | BC29: =AY29 -> Pack | BD29: =AZ29 -> 81100 | BE29: =BB29*BD29 -> 0 | BF29: =AT29+AX29-BB29 -> 0 | BG29: =AY29 -> Pack | BH29: =AZ29 -> 81100 | BI29: =BF29*BH29 -> 0 | BK29: =BG29 -> Pack | BL29: =BH29 -> 81100 | BM29: =BJ29*BL29 -> 0 | BO29: =BK29 -> Pack | BP29: =BL29 -> 81100 | BQ29: =BN29*BP29 -> 0 | BR29: =BF29+BJ29-BN29 -> 0 | BS29: =BK29 -> Pack | BT29: =BL29 -> 81100 | BU29: =BR29*BT29 -> 0 | BW29: =BS29 -> Pack | BX29: =BT29 -> 81100 | BY29: =BV29*BX29 -> 0 | CA29: =BW29 -> Pack | CB29: =BX29 -> 81100 | CC29: =BZ29*CB29 -> 0 | CD29: =BR29+BV29-BZ29 -> 0 | CE29: =BW29 -> Pack | CF29: =BX29 -> 81100 | CG29: =CD29*CF29 -> 0 | CI29: =CE29 -> Pack | CJ29: =CF29 -> 81100 | CK29: =CH29*CJ29 -> 0 | CM29: =CI29 -> Pack | CN29: =CJ29 -> 81100 | CO29: =CL29*CN29 -> 0 | CP29: =CD29+CH29-CL29 -> 0 | CQ29: =CI29 -> Pack | CR29: =CJ29 -> 81100 | CS29: =CP29*CR29 -> 0 | CU29: =CQ29 -> Pack | CV29: =CR29 -> 81100 | CW29: =CT29*CV29 -> 0 | CY29: =CU29 -> Pack | CZ29: =CV29 -> 81100 | DA29: =CX29*CZ29 -> 0 | DB29: =CP29+CT29-CX29 -> 0 | DC29: =CU29 -> Pack | DD29: =CV29 -> 81100 | DE29: =DB29*DD29 -> 0 | DG29: =DC29 -> Pack | DH29: =DD29 -> 81100 | DI29: =DF29*DH29 -> 0 | DK29: =DG29 -> Pack | DL29: =DH29 -> 81100 | DM29: =DJ29*DL29 -> 0 | DN29: =DB29+DF29-DJ29 -> 0 | DO29: =DG29 -> Pack | DP29: =DH29 -> 81100 | DQ29: =DN29*DP29 -> 0 | DS29: =DO29 -> Pack | DT29: =DP29 -> 81100 | DU29: =DR29*DT29 -> 0 | DW29: =DS29 -> Pack | DX29: =DT29 -> 81100 | DY29: =DV29*DX29 -> 0 | DZ29: =DN29+DR29-DV29 -> 0 | EA29: =DS29 -> Pack | EB29: =DT29 -> 81100 | EC29: =DZ29*EB29 -> 0 | EE29: =EA29 -> Pack | EF29: =EB29 -> 81100 | EG29: =ED29*EF29 -> 0 | EI29: =EE29 -> Pack | EJ29: =EF29 -> 81100 | EK29: =EH29*EJ29 -> 0 | EL29: =DZ29+ED29-EH29 -> 0 | EM29: =EE29 -> Pack | EN29: =EF29 -> 81100 | EO29: =EL29*EN29 -> 0 | EQ29: =EM29 -> Pack | ER29: =EN29 -> 81100 | ES29: =EP29*ER29 -> 0 | EU29: =EQ29 -> Pack | EV29: =ER29 -> 81100 | EW29: =ET29*EV29 -> 0 | EX29: =EL29+EP29-ET29 -> 0 | EY29: =EQ29 -> Pack | EZ29: =ER29 -> 81100 | FA29: =EX29*EZ29 -> 0 | FB29: =N29+Z29+AL29 -> 0 | FC29: =AU29 -> Pack | FD29: =AV29 -> 81100 | FE29: =FB29*FD29 -> 0 | FF29: =R29+AD29+AP29 -> 2 | FG29: =FC29 -> Pack | FH29: =FD29 -> 81100 | FI29: =FF29*FH29 -> 162200 | FJ29: =J29+FB29-FF29 -> 0 | FK29: =FG29 -> Pack | FL29: =FH29 -> 81100 | FM29: =FJ29*FL29 -> 0 | FN29: =AX29+BJ29+BV29 -> 0 | FO29: =FK29 -> Pack | FP29: =FL29 -> 81100 | FQ29: =FN29*FP29 -> 0 | FR29: =BB29+BN29+BZ29 -> 0 | FS29: =FO29 -> Pack | FT29: =FP29 -> 81100 | FU29: =FR29*FT29 -> 0 | FV29: =FJ29+FN29-FR29 -> 0 | FW29: =FS29 -> Pack | FX29: =FT29 -> 81100 | FY29: =FV29*FX29 -> 0 | FZ29: =FB29+FN29 -> 0 | GA29: =FW29 -> Pack | GB29: =FX29 -> 81100 | GC29: =FZ29*GB29 -> 0 | GD29: =FF29+FR29 -> 2 | GE29: =GA29 -> Pack | GF29: =GB29 -> 81100 | GG29: =GD29*GF29 -> 162200 | GH29: =J29+FZ29-GD29 -> 0 | GI29: =GE29 -> Pack | GJ29: =GF29 -> 81100 | GK29: =GH29*GJ29 -> 0 | GM29: =CH29+CT29+DF29 -> 0 | GN29: =DO29 -> Pack | GO29: =DP29 -> 81100 | GP29: =GM29*GO29 -> 0 | GQ29: =CL29+CX29+DJ29 -> 0 | GR29: =GN29 -> Pack | GS29: =GO29 -> 81100 | GT29: =GQ29*GS29 -> 0 | GU29: =GH29+GM29-GQ29 -> 0 | GV29: =GR29 -> Pack | GW29: =GS29 -> 81100 | GX29: =GU29*GW29 -> 0 | GZ29: =FZ29+GM29 -> 0 | HA29: =GV29 -> Pack | HB29: =GW29 -> 81100 | HC29: =GZ29*HB29 -> 0 | HD29: =GD29+GQ29 -> 2 | HE29: =HA29 -> Pack | HF29: =HB29 -> 81100 | HG29: =HD29*HF29 -> 162200 | HH29: =J29+GZ29-HD29 -> 0 | HI29: =HE29 -> Pack | HJ29: =HF29 -> 81100 | HK29: =HH29*HJ29 -> 0 | HL29: TIDAK | HM29: =ROUNDUP(GZ29,0) -> 0 | HN29: =GZ29-HM29 -> 0 | HO29: =ROUNDUP(HB29,0) -> 81100 | HP29: =HB29-HO29 -> 0 | HQ29: =ROUNDUP(HC29,0) -> 0 | HR29: =HC29-HQ29 -> 0 | HS29: =ROUNDUP(HD29,0) -> 2 | HT29: =HD29-HS29 -> 0 | HU29: =ROUNDUP(HF29,0) -> 81100 | HV29: =HF29-HU29 -> 0 | HW29: =ROUNDUP(HG29,0) -> 162200 | HX29: =HG29-HW29 -> 0 | HY29: =ROUNDUP(HH29,0) -> 0 | HZ29: =HH29-HY29 -> 0 | IA29: =ROUNDUP(HJ29,0) -> 81100 | IB29: =HJ29-IA29 -> 0 | IC29: =ROUNDUP(HK29,0) -> 0 | ID29: =HK29-IC29 -> 0 | IF29: =ROUNDUP(DR29,0) -> 0 | IG29: =DR29-IF29 -> 0 | IH29: =ROUNDUP(DT29,0) -> 81100 | II29: =DT29-IH29 -> 0 | IJ29: =ROUNDUP(DU29,0) -> 0 | IK29: =DU29-IJ29 -> 0 | IL29: =ROUNDUP(DV29,0) -> 0 | IM29: =DV29-IL29 -> 0 | IN29: =ROUNDUP(DX29,0) -> 81100 | IO29: =DX29-IN29 -> 0 | IP29: =ROUNDUP(DY29,0) -> 0 | IQ29: =DY29-IP29 -> 0 | IR29: =ROUNDUP(DZ29,0) -> 0 | IS29: =DZ29-IR29 -> 0 | IT29: =ROUNDUP(EB29,0) -> 81100 | IU29: =EB29-IT29 -> 0 | IV29: =ROUNDUP(EC29,0) -> 0 | IW29: =EC29-IV29 -> 0 | IY29: =DR29+GZ29 -> 0 | IZ29: =DS29 -> Pack | JA29: =DT29 -> 81100 | JB29: =IY29*JA29 -> 0 | JC29: =DV29+HD29 -> 2 | JD29: =IZ29 -> Pack | JE29: =JA29 -> 81100 | JF29: =JC29*JE29 -> 162200 | JG29: =J29+IY29-JC29 -> 0 | JH29: =JD29 -> Pack | JI29: =JE29 -> 81100 | JJ29: =JG29*JI29 -> 0
B30: CABANG PENDIDIKAN WILAYAH X | C30: 5.1.02.01.01.0024 | D30: 2 | E30: Binder Clip | J30: 15 | K30: Pack | L30: 92000 | M30: 1380000 | O30: Pack | P30: 92000 | Q30: 0 | R30: 5 | S30: =O30 -> Pack | T30: =P30 -> 92000 | U30: =R30*T30 -> 460000 | V30: =J30+N30-R30 -> 10 | W30: =O30 -> Pack | X30: =P30 -> 92000 | Y30: =V30*X30 -> 920000 | AA30: =W30 -> Pack | AB30: =X30 -> 92000 | AC30: =Z30*AB30 -> 0 | AD30: 4 | AE30: =AA30 -> Pack | AF30: =AB30 -> 92000 | AG30: =AD30*AF30 -> 368000 | AH30: =V30+Z30-AD30 -> 6 | AI30: =AA30 -> Pack | AJ30: =AB30 -> 92000 | AK30: =AH30*AJ30 -> 552000 | AM30: =AI30 -> Pack | AN30: =AJ30 -> 92000 | AO30: =AL30*AN30 -> 0 | AP30: 4 | AQ30: =AM30 -> Pack | AR30: =AN30 -> 92000 | AS30: =AP30*AR30 -> 368000 | AT30: =AH30+AL30-AP30 -> 2 | AU30: =AM30 -> Pack | AV30: =AN30 -> 92000 | AW30: =AT30*AV30 -> 184000 | AY30: =AU30 -> Pack | AZ30: =AV30 -> 92000 | BA30: =AX30*AZ30 -> 0 | BC30: =AY30 -> Pack | BD30: =AZ30 -> 92000 | BE30: =BB30*BD30 -> 0 | BF30: =AT30+AX30-BB30 -> 2 | BG30: =AY30 -> Pack | BH30: =AZ30 -> 92000 | BI30: =BF30*BH30 -> 184000 | BK30: =BG30 -> Pack | BL30: =BH30 -> 92000 | BM30: =BJ30*BL30 -> 0 | BO30: =BK30 -> Pack | BP30: =BL30 -> 92000 | BQ30: =BN30*BP30 -> 0 | BR30: =BF30+BJ30-BN30 -> 2 | BS30: =BK30 -> Pack | BT30: =BL30 -> 92000 | BU30: =BR30*BT30 -> 184000 | BW30: =BS30 -> Pack | BX30: =BT30 -> 92000 | BY30: =BV30*BX30 -> 0 | CA30: =BW30 -> Pack | CB30: =BX30 -> 92000 | CC30: =BZ30*CB30 -> 0 | CD30: =BR30+BV30-BZ30 -> 2 | CE30: =BW30 -> Pack | CF30: =BX30 -> 92000 | CG30: =CD30*CF30 -> 184000 | CI30: =CE30 -> Pack | CJ30: =CF30 -> 92000 | CK30: =CH30*CJ30 -> 0 | CL30: 2 | CM30: =CI30 -> Pack | CN30: =CJ30 -> 92000 | CO30: =CL30*CN30 -> 184000 | CP30: =CD30+CH30-CL30 -> 0 | CQ30: =CI30 -> Pack | CR30: =CJ30 -> 92000 | CS30: =CP30*CR30 -> 0 | CU30: =CQ30 -> Pack | CV30: =CR30 -> 92000 | CW30: =CT30*CV30 -> 0 | CY30: =CU30 -> Pack | CZ30: =CV30 -> 92000 | DA30: =CX30*CZ30 -> 0 | DB30: =CP30+CT30-CX30 -> 0 | DC30: =CU30 -> Pack | DD30: =CV30 -> 92000 | DE30: =DB30*DD30 -> 0 | DG30: =DC30 -> Pack | DH30: =DD30 -> 92000 | DI30: =DF30*DH30 -> 0 | DK30: =DG30 -> Pack | DL30: =DH30 -> 92000 | DM30: =DJ30*DL30 -> 0 | DN30: =DB30+DF30-DJ30 -> 0 | DO30: =DG30 -> Pack | DP30: =DH30 -> 92000 | DQ30: =DN30*DP30 -> 0 | DS30: =DO30 -> Pack | DT30: =DP30 -> 92000 | DU30: =DR30*DT30 -> 0 | DW30: =DS30 -> Pack | DX30: =DT30 -> 92000 | DY30: =DV30*DX30 -> 0 | DZ30: =DN30+DR30-DV30 -> 0 | EA30: =DS30 -> Pack | EB30: =DT30 -> 92000 | EC30: =DZ30*EB30 -> 0 | EE30: =EA30 -> Pack | EF30: =EB30 -> 92000 | EG30: =ED30*EF30 -> 0 | EI30: =EE30 -> Pack | EJ30: =EF30 -> 92000 | EK30: =EH30*EJ30 -> 0 | EL30: =DZ30+ED30-EH30 -> 0 | EM30: =EE30 -> Pack | EN30: =EF30 -> 92000 | EO30: =EL30*EN30 -> 0 | EQ30: =EM30 -> Pack | ER30: =EN30 -> 92000 | ES30: =EP30*ER30 -> 0 | EU30: =EQ30 -> Pack | EV30: =ER30 -> 92000 | EW30: =ET30*EV30 -> 0 | EX30: =EL30+EP30-ET30 -> 0 | EY30: =EQ30 -> Pack | EZ30: =ER30 -> 92000 | FA30: =EX30*EZ30 -> 0 | FB30: =N30+Z30+AL30 -> 0 | FC30: =AU30 -> Pack | FD30: =AV30 -> 92000 | FE30: =FB30*FD30 -> 0 | FF30: =R30+AD30+AP30 -> 13 | FG30: =FC30 -> Pack | FH30: =FD30 -> 92000 | FI30: =FF30*FH30 -> 1196000 | FJ30: =J30+FB30-FF30 -> 2 | FK30: =FG30 -> Pack | FL30: =FH30 -> 92000 | FM30: =FJ30*FL30 -> 184000 | FN30: =AX30+BJ30+BV30 -> 0 | FO30: =FK30 -> Pack | FP30: =FL30 -> 92000 | FQ30: =FN30*FP30 -> 0 | FR30: =BB30+BN30+BZ30 -> 0 | FS30: =FO30 -> Pack | FT30: =FP30 -> 92000 | FU30: =FR30*FT30 -> 0 | FV30: =FJ30+FN30-FR30 -> 2 | FW30: =FS30 -> Pack | FX30: =FT30 -> 92000 | FY30: =FV30*FX30 -> 184000 | FZ30: =FB30+FN30 -> 0 | GA30: =FW30 -> Pack | GB30: =FX30 -> 92000 | GC30: =FZ30*GB30 -> 0 | GD30: =FF30+FR30 -> 13 | GE30: =GA30 -> Pack | GF30: =GB30 -> 92000 | GG30: =GD30*GF30 -> 1196000 | GH30: =J30+FZ30-GD30 -> 2 | GI30: =GE30 -> Pack | GJ30: =GF30 -> 92000 | GK30: =GH30*GJ30 -> 184000 | GM30: =CH30+CT30+DF30 -> 0 | GN30: =DO30 -> Pack | GO30: =DP30 -> 92000 | GP30: =GM30*GO30 -> 0 | GQ30: =CL30+CX30+DJ30 -> 2 | GR30: =GN30 -> Pack | GS30: =GO30 -> 92000 | GT30: =GQ30*GS30 -> 184000 | GU30: =GH30+GM30-GQ30 -> 0 | GV30: =GR30 -> Pack | GW30: =GS30 -> 92000 | GX30: =GU30*GW30 -> 0 | GZ30: =FZ30+GM30 -> 0 | HA30: =GV30 -> Pack | HB30: =GW30 -> 92000 | HC30: =GZ30*HB30 -> 0 | HD30: =GD30+GQ30 -> 15 | HE30: =HA30 -> Pack | HF30: =HB30 -> 92000 | HG30: =HD30*HF30 -> 1380000 | HH30: =J30+GZ30-HD30 -> 0 | HI30: =HE30 -> Pack | HJ30: =HF30 -> 92000 | HK30: =HH30*HJ30 -> 0 | HL30: TIDAK | HM30: =ROUNDUP(GZ30,0) -> 0 | HN30: =GZ30-HM30 -> 0 | HO30: =ROUNDUP(HB30,0) -> 92000 | HP30: =HB30-HO30 -> 0 | HQ30: =ROUNDUP(HC30,0) -> 0 | HR30: =HC30-HQ30 -> 0 | HS30: =ROUNDUP(HD30,0) -> 15 | HT30: =HD30-HS30 -> 0 | HU30: =ROUNDUP(HF30,0) -> 92000 | HV30: =HF30-HU30 -> 0 | HW30: =ROUNDUP(HG30,0) -> 1380000 | HX30: =HG30-HW30 -> 0 | HY30: =ROUNDUP(HH30,0) -> 0 | HZ30: =HH30-HY30 -> 0 | IA30: =ROUNDUP(HJ30,0) -> 92000 | IB30: =HJ30-IA30 -> 0 | IC30: =ROUNDUP(HK30,0) -> 0 | ID30: =HK30-IC30 -> 0 | IF30: =ROUNDUP(DR30,0) -> 0 | IG30: =DR30-IF30 -> 0 | IH30: =ROUNDUP(DT30,0) -> 92000 | II30: =DT30-IH30 -> 0 | IJ30: =ROUNDUP(DU30,0) -> 0 | IK30: =DU30-IJ30 -> 0 | IL30: =ROUNDUP(DV30,0) -> 0 | IM30: =DV30-IL30 -> 0 | IN30: =ROUNDUP(DX30,0) -> 92000 | IO30: =DX30-IN30 -> 0 | IP30: =ROUNDUP(DY30,0) -> 0 | IQ30: =DY30-IP30 -> 0 | IR30: =ROUNDUP(DZ30,0) -> 0 | IS30: =DZ30-IR30 -> 0 | IT30: =ROUNDUP(EB30,0) -> 92000 | IU30: =EB30-IT30 -> 0 | IV30: =ROUNDUP(EC30,0) -> 0 | IW30: =EC30-IV30 -> 0 | IY30: =DR30+GZ30 -> 0 | IZ30: =DS30 -> Pack | JA30: =DT30 -> 92000 | JB30: =IY30*JA30 -> 0 | JC30: =DV30+HD30 -> 15 | JD30: =IZ30 -> Pack | JE30: =JA30 -> 92000 | JF30: =JC30*JE30 -> 1380000 | JG30: =J30+IY30-JC30 -> 0 | JH30: =JD30 -> Pack | JI30: =JE30 -> 92000 | JJ30: =JG30*JI30 -> 0
B31: CABANG PENDIDIKAN WILAYAH X | C31: 5.1.02.01.01.0024 | D31: 3 | E31: Gunting | J31: 5 | K31: Buah | L31: 12400 | M31: 62000 | O31: Buah | P31: 12400 | Q31: 0 | R31: 2 | S31: =O31 -> Buah | T31: =P31 -> 12400 | U31: =R31*T31 -> 24800 | V31: =J31+N31-R31 -> 3 | W31: =O31 -> Buah | X31: =P31 -> 12400 | Y31: =V31*X31 -> 37200 | AA31: =W31 -> Buah | AB31: =X31 -> 12400 | AC31: =Z31*AB31 -> 0 | AD31: 2 | AE31: =AA31 -> Buah | AF31: =AB31 -> 12400 | AG31: =AD31*AF31 -> 24800 | AH31: =V31+Z31-AD31 -> 1 | AI31: =AA31 -> Buah | AJ31: =AB31 -> 12400 | AK31: =AH31*AJ31 -> 12400 | AM31: =AI31 -> Buah | AN31: =AJ31 -> 12400 | AQ31: =AM31 -> Buah | AR31: =AN31 -> 12400 | AS31: =AP31*AR31 -> 0 | AT31: =AH31+AL31-AP31 -> 1 | AU31: =AM31 -> Buah | AV31: =AN31 -> 12400 | AW31: =AT31*AV31 -> 12400 | AY31: =AU31 -> Buah | AZ31: =AV31 -> 12400 | BA31: =AX31*AZ31 -> 0 | BB31: 1 | BC31: =AY31 -> Buah | BD31: =AZ31 -> 12400 | BE31: =BB31*BD31 -> 12400 | BF31: =AT31+AX31-BB31 -> 0 | BG31: =AY31 -> Buah | BH31: =AZ31 -> 12400 | BI31: =BF31*BH31 -> 0 | BK31: =BG31 -> Buah | BL31: =BH31 -> 12400 | BM31: =BJ31*BL31 -> 0 | BO31: =BK31 -> Buah | BP31: =BL31 -> 12400 | BQ31: =BN31*BP31 -> 0 | BR31: =BF31+BJ31-BN31 -> 0 | BS31: =BK31 -> Buah | BT31: =BL31 -> 12400 | BU31: =BR31*BT31 -> 0 | BW31: =BS31 -> Buah | BX31: =BT31 -> 12400 | BY31: =BV31*BX31 -> 0 | CA31: =BW31 -> Buah | CB31: =BX31 -> 12400 | CC31: =BZ31*CB31 -> 0 | CD31: =BR31+BV31-BZ31 -> 0 | CE31: =BW31 -> Buah | CF31: =BX31 -> 12400 | CG31: =CD31*CF31 -> 0 | CI31: =CE31 -> Buah | CJ31: =CF31 -> 12400 | CK31: =CH31*CJ31 -> 0 | CM31: =CI31 -> Buah | CN31: =CJ31 -> 12400 | CO31: =CL31*CN31 -> 0 | CP31: =CD31+CH31-CL31 -> 0 | CQ31: =CI31 -> Buah | CR31: =CJ31 -> 12400 | CS31: =CP31*CR31 -> 0 | CU31: =CQ31 -> Buah | CV31: =CR31 -> 12400 | CW31: =CT31*CV31 -> 0 | CY31: =CU31 -> Buah | CZ31: =CV31 -> 12400 | DA31: =CX31*CZ31 -> 0 | DB31: =CP31+CT31-CX31 -> 0 | DC31: =CU31 -> Buah | DD31: =CV31 -> 12400 | DE31: =DB31*DD31 -> 0 | DG31: =DC31 -> Buah | DH31: =DD31 -> 12400 | DI31: =DF31*DH31 -> 0 | DK31: =DG31 -> Buah | DL31: =DH31 -> 12400 | DM31: =DJ31*DL31 -> 0 | DN31: =DB31+DF31-DJ31 -> 0 | DO31: =DG31 -> Buah | DP31: =DH31 -> 12400 | DQ31: =DN31*DP31 -> 0 | DS31: =DO31 -> Buah | DT31: =DP31 -> 12400 | DU31: =DR31*DT31 -> 0 | DW31: =DS31 -> Buah | DX31: =DT31 -> 12400 | DY31: =DV31*DX31 -> 0 | DZ31: =DN31+DR31-DV31 -> 0 | EA31: =DS31 -> Buah | EB31: =DT31 -> 12400 | EC31: =DZ31*EB31 -> 0 | EE31: =EA31 -> Buah | EF31: =EB31 -> 12400 | EG31: =ED31*EF31 -> 0 | EI31: =EE31 -> Buah | EJ31: =EF31 -> 12400 | EK31: =EH31*EJ31 -> 0 | EL31: =DZ31+ED31-EH31 -> 0 | EM31: =EE31 -> Buah | EN31: =EF31 -> 12400 | EO31: =EL31*EN31 -> 0 | EQ31: =EM31 -> Buah | ER31: =EN31 -> 12400 | ES31: =EP31*ER31 -> 0 | EU31: =EQ31 -> Buah | EV31: =ER31 -> 12400 | EW31: =ET31*EV31 -> 0 | EX31: =EL31+EP31-ET31 -> 0 | EY31: =EQ31 -> Buah | EZ31: =ER31 -> 12400 | FA31: =EX31*EZ31 -> 0 | FB31: =N31+Z31+AL31 -> 0 | FC31: =AU31 -> Buah | FD31: =AV31 -> 12400 | FE31: =FB31*FD31 -> 0 | FF31: =R31+AD31+AP31 -> 4 | FG31: =FC31 -> Buah | FH31: =FD31 -> 12400 | FI31: =FF31*FH31 -> 49600 | FJ31: =J31+FB31-FF31 -> 1 | FK31: =FG31 -> Buah | FL31: =FH31 -> 12400 | FM31: =FJ31*FL31 -> 12400 | FN31: =AX31+BJ31+BV31 -> 0 | FO31: =FK31 -> Buah | FP31: =FL31 -> 12400 | FQ31: =FN31*FP31 -> 0 | FR31: =BB31+BN31+BZ31 -> 1 | FS31: =FO31 -> Buah | FT31: =FP31 -> 12400 | FU31: =FR31*FT31 -> 12400 | FV31: =FJ31+FN31-FR31 -> 0 | FW31: =FS31 -> Buah | FX31: =FT31 -> 12400 | FY31: =FV31*FX31 -> 0 | FZ31: =FB31+FN31 -> 0 | GA31: =FW31 -> Buah | GB31: =FX31 -> 12400 | GC31: =FZ31*GB31 -> 0 | GD31: =FF31+FR31 -> 5 | GE31: =GA31 -> Buah | GF31: =GB31 -> 12400 | GG31: =GD31*GF31 -> 62000 | GH31: =J31+FZ31-GD31 -> 0 | GI31: =GE31 -> Buah | GJ31: =GF31 -> 12400 | GK31: =GH31*GJ31 -> 0 | GM31: =CH31+CT31+DF31 -> 0 | GN31: =DO31 -> Buah | GO31: =DP31 -> 12400 | GP31: =GM31*GO31 -> 0 | GQ31: =CL31+CX31+DJ31 -> 0 | GR31: =GN31 -> Buah | GS31: =GO31 -> 12400 | GT31: =GQ31*GS31 -> 0 | GU31: =GH31+GM31-GQ31 -> 0 | GV31: =GR31 -> Buah | GW31: =GS31 -> 12400 | GX31: =GU31*GW31 -> 0 | GZ31: =FZ31+GM31 -> 0 | HA31: =GV31 -> Buah | HB31: =GW31 -> 12400 | HC31: =GZ31*HB31 -> 0 | HD31: =GD31+GQ31 -> 5 | HE31: =HA31 -> Buah | HF31: =HB31 -> 12400 | HG31: =HD31*HF31 -> 62000 | HH31: =J31+GZ31-HD31 -> 0 | HI31: =HE31 -> Buah | HJ31: =HF31 -> 12400 | HK31: =HH31*HJ31 -> 0 | HL31: TIDAK | HM31: =ROUNDUP(GZ31,0) -> 0 | HN31: =GZ31-HM31 -> 0 | HO31: =ROUNDUP(HB31,0) -> 12400 | HP31: =HB31-HO31 -> 0 | HQ31: =ROUNDUP(HC31,0) -> 0 | HR31: =HC31-HQ31 -> 0 | HS31: =ROUNDUP(HD31,0) -> 5 | HT31: =HD31-HS31 -> 0 | HU31: =ROUNDUP(HF31,0) -> 12400 | HV31: =HF31-HU31 -> 0 | HW31: =ROUNDUP(HG31,0) -> 62000 | HX31: =HG31-HW31 -> 0 | HY31: =ROUNDUP(HH31,0) -> 0 | HZ31: =HH31-HY31 -> 0 | IA31: =ROUNDUP(HJ31,0) -> 12400 | IB31: =HJ31-IA31 -> 0 | IC31: =ROUNDUP(HK31,0) -> 0 | ID31: =HK31-IC31 -> 0 | IF31: =ROUNDUP(DR31,0) -> 0 | IG31: =DR31-IF31 -> 0 | IH31: =ROUNDUP(DT31,0) -> 12400 | II31: =DT31-IH31 -> 0 | IJ31: =ROUNDUP(DU31,0) -> 0 | IK31: =DU31-IJ31 -> 0 | IL31: =ROUNDUP(DV31,0) -> 0 | IM31: =DV31-IL31 -> 0 | IN31: =ROUNDUP(DX31,0) -> 12400 | IO31: =DX31-IN31 -> 0 | IP31: =ROUNDUP(DY31,0) -> 0 | IQ31: =DY31-IP31 -> 0 | IR31: =ROUNDUP(DZ31,0) -> 0 | IS31: =DZ31-IR31 -> 0 | IT31: =ROUNDUP(EB31,0) -> 12400 | IU31: =EB31-IT31 -> 0 | IV31: =ROUNDUP(EC31,0) -> 0 | IW31: =EC31-IV31 -> 0 | IY31: =DR31+GZ31 -> 0 | IZ31: =DS31 -> Buah | JA31: =DT31 -> 12400 | JB31: =IY31*JA31 -> 0 | JC31: =DV31+HD31 -> 5 | JD31: =IZ31 -> Buah | JE31: =JA31 -> 12400 | JF31: =JC31*JE31 -> 62000 | JG31: =J31+IY31-JC31 -> 0 | JH31: =JD31 -> Buah | JI31: =JE31 -> 12400 | JJ31: =JG31*JI31 -> 0
B32: CABANG PENDIDIKAN WILAYAH X | C32: 5.1.02.01.01.0024 | D32: 4 | E32: Hekter/Stepler/Stepless 23/10-H | J32: 4 | K32: Buah | L32: 93000 | M32: 372000 | O32: Buah | P32: 93000 | Q32: 0 | S32: =O32 -> Buah | T32: =P32 -> 93000 | U32: =R32*T32 -> 0 | V32: =J32+N32-R32 -> 4 | W32: =O32 -> Buah | X32: =P32 -> 93000 | Y32: =V32*X32 -> 372000 | AA32: =W32 -> Buah | AB32: =X32 -> 93000 | AC32: =Z32*AB32 -> 0 | AE32: =AA32 -> Buah | AF32: =AB32 -> 93000 | AG32: =AD32*AF32 -> 0 | AH32: =V32+Z32-AD32 -> 4 | AI32: =AA32 -> Buah | AJ32: =AB32 -> 93000 | AK32: =AH32*AJ32 -> 372000 | AM32: =AI32 -> Buah | AN32: =AJ32 -> 93000 | AP32: 1 | AQ32: =AM32 -> Buah | AR32: =AN32 -> 93000 | AS32: =AP32*AR32 -> 93000 | AT32: =AH32+AL32-AP32 -> 3 | AU32: =AM32 -> Buah | AV32: =AN32 -> 93000 | AW32: =AT32*AV32 -> 279000 | AY32: =AU32 -> Buah | AZ32: =AV32 -> 93000 | BA32: =AX32*AZ32 -> 0 | BB32: 2 | BC32: =AY32 -> Buah | BD32: =AZ32 -> 93000 | BE32: =BB32*BD32 -> 186000 | BF32: =AT32+AX32-BB32 -> 1 | BG32: =AY32 -> Buah | BH32: =AZ32 -> 93000 | BI32: =BF32*BH32 -> 93000 | BK32: =BG32 -> Buah | BL32: =BH32 -> 93000 | BM32: =BJ32*BL32 -> 0 | BN32: 1 | BO32: =BK32 -> Buah | BP32: =BL32 -> 93000 | BQ32: =BN32*BP32 -> 93000 | BR32: =BF32+BJ32-BN32 -> 0 | BS32: =BK32 -> Buah | BT32: =BL32 -> 93000 | BU32: =BR32*BT32 -> 0 | BW32: =BS32 -> Buah | BX32: =BT32 -> 93000 | BY32: =BV32*BX32 -> 0 | CA32: =BW32 -> Buah | CB32: =BX32 -> 93000 | CC32: =BZ32*CB32 -> 0 | CD32: =BR32+BV32-BZ32 -> 0 | CE32: =BW32 -> Buah | CF32: =BX32 -> 93000 | CG32: =CD32*CF32 -> 0 | CI32: =CE32 -> Buah | CJ32: =CF32 -> 93000 | CK32: =CH32*CJ32 -> 0 | CM32: =CI32 -> Buah | CN32: =CJ32 -> 93000 | CO32: =CL32*CN32 -> 0 | CP32: =CD32+CH32-CL32 -> 0 | CQ32: =CI32 -> Buah | CR32: =CJ32 -> 93000 | CS32: =CP32*CR32 -> 0 | CU32: =CQ32 -> Buah | CV32: =CR32 -> 93000 | CW32: =CT32*CV32 -> 0 | CY32: =CU32 -> Buah | CZ32: =CV32 -> 93000 | DA32: =CX32*CZ32 -> 0 | DB32: =CP32+CT32-CX32 -> 0 | DC32: =CU32 -> Buah | DD32: =CV32 -> 93000 | DE32: =DB32*DD32 -> 0 | DG32: =DC32 -> Buah | DH32: =DD32 -> 93000 | DI32: =DF32*DH32 -> 0 | DK32: =DG32 -> Buah | DL32: =DH32 -> 93000 | DM32: =DJ32*DL32 -> 0 | DN32: =DB32+DF32-DJ32 -> 0 | DO32: =DG32 -> Buah | DP32: =DH32 -> 93000 | DQ32: =DN32*DP32 -> 0 | DS32: =DO32 -> Buah | DT32: =DP32 -> 93000 | DU32: =DR32*DT32 -> 0 | DW32: =DS32 -> Buah | DX32: =DT32 -> 93000 | DY32: =DV32*DX32 -> 0 | DZ32: =DN32+DR32-DV32 -> 0 | EA32: =DS32 -> Buah | EB32: =DT32 -> 93000 | EC32: =DZ32*EB32 -> 0 | EE32: =EA32 -> Buah | EF32: =EB32 -> 93000 | EG32: =ED32*EF32 -> 0 | EI32: =EE32 -> Buah | EJ32: =EF32 -> 93000 | EK32: =EH32*EJ32 -> 0 | EL32: =DZ32+ED32-EH32 -> 0 | EM32: =EE32 -> Buah | EN32: =EF32 -> 93000 | EO32: =EL32*EN32 -> 0 | EQ32: =EM32 -> Buah | ER32: =EN32 -> 93000 | ES32: =EP32*ER32 -> 0 | EU32: =EQ32 -> Buah | EV32: =ER32 -> 93000 | EW32: =ET32*EV32 -> 0 | EX32: =EL32+EP32-ET32 -> 0 | EY32: =EQ32 -> Buah | EZ32: =ER32 -> 93000 | FA32: =EX32*EZ32 -> 0 | FB32: =N32+Z32+AL32 -> 0 | FC32: =AU32 -> Buah | FD32: =AV32 -> 93000 | FE32: =FB32*FD32 -> 0 | FF32: =R32+AD32+AP32 -> 1 | FG32: =FC32 -> Buah | FH32: =FD32 -> 93000 | FI32: =FF32*FH32 -> 93000 | FJ32: =J32+FB32-FF32 -> 3 | FK32: =FG32 -> Buah | FL32: =FH32 -> 93000 | FM32: =FJ32*FL32 -> 279000 | FN32: =AX32+BJ32+BV32 -> 0 | FO32: =FK32 -> Buah | FP32: =FL32 -> 93000 | FQ32: =FN32*FP32 -> 0 | FR32: =BB32+BN32+BZ32 -> 3 | FS32: =FO32 -> Buah | FT32: =FP32 -> 93000 | FU32: =FR32*FT32 -> 279000 | FV32: =FJ32+FN32-FR32 -> 0 | FW32: =FS32 -> Buah | FX32: =FT32 -> 93000 | FY32: =FV32*FX32 -> 0 | FZ32: =FB32+FN32 -> 0 | GA32: =FW32 -> Buah | GB32: =FX32 -> 93000 | GC32: =FZ32*GB32 -> 0 | GD32: =FF32+FR32 -> 4 | GE32: =GA32 -> Buah | GF32: =GB32 -> 93000 | GG32: =GD32*GF32 -> 372000 | GH32: =J32+FZ32-GD32 -> 0 | GI32: =GE32 -> Buah | GJ32: =GF32 -> 93000 | GK32: =GH32*GJ32 -> 0 | GM32: =CH32+CT32+DF32 -> 0 | GN32: =DO32 -> Buah | GO32: =DP32 -> 93000 | GP32: =GM32*GO32 -> 0 | GQ32: =CL32+CX32+DJ32 -> 0 | GR32: =GN32 -> Buah | GS32: =GO32 -> 93000 | GT32: =GQ32*GS32 -> 0 | GU32: =GH32+GM32-GQ32 -> 0 | GV32: =GR32 -> Buah | GW32: =GS32 -> 93000 | GX32: =GU32*GW32 -> 0 | GZ32: =FZ32+GM32 -> 0 | HA32: =GV32 -> Buah | HB32: =GW32 -> 93000 | HC32: =GZ32*HB32 -> 0 | HD32: =GD32+GQ32 -> 4 | HE32: =HA32 -> Buah | HF32: =HB32 -> 93000 | HG32: =HD32*HF32 -> 372000 | HH32: =J32+GZ32-HD32 -> 0 | HI32: =HE32 -> Buah | HJ32: =HF32 -> 93000 | HK32: =HH32*HJ32 -> 0 | HL32: TIDAK | HM32: =ROUNDUP(GZ32,0) -> 0 | HN32: =GZ32-HM32 -> 0 | HO32: =ROUNDUP(HB32,0) -> 93000 | HP32: =HB32-HO32 -> 0 | HQ32: =ROUNDUP(HC32,0) -> 0 | HR32: =HC32-HQ32 -> 0 | HS32: =ROUNDUP(HD32,0) -> 4 | HT32: =HD32-HS32 -> 0 | HU32: =ROUNDUP(HF32,0) -> 93000 | HV32: =HF32-HU32 -> 0 | HW32: =ROUNDUP(HG32,0) -> 372000 | HX32: =HG32-HW32 -> 0 | HY32: =ROUNDUP(HH32,0) -> 0 | HZ32: =HH32-HY32 -> 0 | IA32: =ROUNDUP(HJ32,0) -> 93000 | IB32: =HJ32-IA32 -> 0 | IC32: =ROUNDUP(HK32,0) -> 0 | ID32: =HK32-IC32 -> 0 | IF32: =ROUNDUP(DR32,0) -> 0 | IG32: =DR32-IF32 -> 0 | IH32: =ROUNDUP(DT32,0) -> 93000 | II32: =DT32-IH32 -> 0 | IJ32: =ROUNDUP(DU32,0) -> 0 | IK32: =DU32-IJ32 -> 0 | IL32: =ROUNDUP(DV32,0) -> 0 | IM32: =DV32-IL32 -> 0 | IN32: =ROUNDUP(DX32,0) -> 93000 | IO32: =DX32-IN32 -> 0 | IP32: =ROUNDUP(DY32,0) -> 0 | IQ32: =DY32-IP32 -> 0 | IR32: =ROUNDUP(DZ32,0) -> 0 | IS32: =DZ32-IR32 -> 0 | IT32: =ROUNDUP(EB32,0) -> 93000 | IU32: =EB32-IT32 -> 0 | IV32: =ROUNDUP(EC32,0) -> 0 | IW32: =EC32-IV32 -> 0 | IY32: =DR32+GZ32 -> 0 | IZ32: =DS32 -> Buah | JA32: =DT32 -> 93000 | JB32: =IY32*JA32 -> 0 | JC32: =DV32+HD32 -> 4 | JD32: =IZ32 -> Buah | JE32: =JA32 -> 93000 | JF32: =JC32*JE32 -> 372000 | JG32: =J32+IY32-JC32 -> 0 | JH32: =JD32 -> Buah | JI32: =JE32 -> 93000 | JJ32: =JG32*JI32 -> 0
B33: CABANG PENDIDIKAN WILAYAH X | C33: 5.1.02.01.01.0024 | D33: 5 | E33: Hekter/Stepler/Stepless sr-45t | J33: 6 | K33: Buah | L33: 20700 | M33: 124200 | O33: Buah | P33: 20700 | Q33: 0 | R33: 1 | S33: =O33 -> Buah | T33: =P33 -> 20700 | U33: =R33*T33 -> 20700 | V33: =J33+N33-R33 -> 5 | W33: =O33 -> Buah | X33: =P33 -> 20700 | Y33: =V33*X33 -> 103500 | AA33: =W33 -> Buah | AB33: =X33 -> 20700 | AC33: =Z33*AB33 -> 0 | AE33: =AA33 -> Buah | AF33: =AB33 -> 20700 | AG33: =AD33*AF33 -> 0 | AH33: =V33+Z33-AD33 -> 5 | AI33: =AA33 -> Buah | AJ33: =AB33 -> 20700 | AK33: =AH33*AJ33 -> 103500 | AM33: =AI33 -> Buah | AN33: =AJ33 -> 20700 | AQ33: =AM33 -> Buah | AR33: =AN33 -> 20700 | AS33: =AP33*AR33 -> 0 | AT33: =AH33+AL33-AP33 -> 5 | AU33: =AM33 -> Buah | AV33: =AN33 -> 20700 | AW33: =AT33*AV33 -> 103500 | AY33: =AU33 -> Buah | AZ33: =AV33 -> 20700 | BA33: =AX33*AZ33 -> 0 | BB33: 1 | BC33: =AY33 -> Buah | BD33: =AZ33 -> 20700 | BE33: =BB33*BD33 -> 20700 | BF33: =AT33+AX33-BB33 -> 4 | BG33: =AY33 -> Buah | BH33: =AZ33 -> 20700 | BI33: =BF33*BH33 -> 82800 | BK33: =BG33 -> Buah | BL33: =BH33 -> 20700 | BM33: =BJ33*BL33 -> 0 | BN33: 1 | BO33: =BK33 -> Buah | BP33: =BL33 -> 20700 | BQ33: =BN33*BP33 -> 20700 | BR33: =BF33+BJ33-BN33 -> 3 | BS33: =BK33 -> Buah | BT33: =BL33 -> 20700 | BU33: =BR33*BT33 -> 62100 | BW33: =BS33 -> Buah | BX33: =BT33 -> 20700 | BY33: =BV33*BX33 -> 0 | CA33: =BW33 -> Buah | CB33: =BX33 -> 20700 | CC33: =BZ33*CB33 -> 0 | CD33: =BR33+BV33-BZ33 -> 3 | CE33: =BW33 -> Buah | CF33: =BX33 -> 20700 | CG33: =CD33*CF33 -> 62100 | CI33: =CE33 -> Buah | CJ33: =CF33 -> 20700 | CK33: =CH33*CJ33 -> 0 | CL33: 3 | CM33: =CI33 -> Buah | CN33: =CJ33 -> 20700 | CO33: =CL33*CN33 -> 62100 | CP33: =CD33+CH33-CL33 -> 0 | CQ33: =CI33 -> Buah | CR33: =CJ33 -> 20700 | CS33: =CP33*CR33 -> 0 | CU33: =CQ33 -> Buah | CV33: =CR33 -> 20700 | CW33: =CT33*CV33 -> 0 | CY33: =CU33 -> Buah | CZ33: =CV33 -> 20700 | DA33: =CX33*CZ33 -> 0 | DB33: =CP33+CT33-CX33 -> 0 | DC33: =CU33 -> Buah | DD33: =CV33 -> 20700 | DE33: =DB33*DD33 -> 0 | DG33: =DC33 -> Buah | DH33: =DD33 -> 20700 | DI33: =DF33*DH33 -> 0 | DK33: =DG33 -> Buah | DL33: =DH33 -> 20700 | DM33: =DJ33*DL33 -> 0 | DN33: =DB33+DF33-DJ33 -> 0 | DO33: =DG33 -> Buah | DP33: =DH33 -> 20700 | DQ33: =DN33*DP33 -> 0 | DS33: =DO33 -> Buah | DT33: =DP33 -> 20700 | DU33: =DR33*DT33 -> 0 | DW33: =DS33 -> Buah | DX33: =DT33 -> 20700 | DY33: =DV33*DX33 -> 0 | DZ33: =DN33+DR33-DV33 -> 0 | EA33: =DS33 -> Buah | EB33: =DT33 -> 20700 | EC33: =DZ33*EB33 -> 0 | EE33: =EA33 -> Buah | EF33: =EB33 -> 20700 | EG33: =ED33*EF33 -> 0 | EI33: =EE33 -> Buah | EJ33: =EF33 -> 20700 | EK33: =EH33*EJ33 -> 0 | EL33: =DZ33+ED33-EH33 -> 0 | EM33: =EE33 -> Buah | EN33: =EF33 -> 20700 | EO33: =EL33*EN33 -> 0 | EQ33: =EM33 -> Buah | ER33: =EN33 -> 20700 | ES33: =EP33*ER33 -> 0 | EU33: =EQ33 -> Buah | EV33: =ER33 -> 20700 | EW33: =ET33*EV33 -> 0 | EX33: =EL33+EP33-ET33 -> 0 | EY33: =EQ33 -> Buah | EZ33: =ER33 -> 20700 | FA33: =EX33*EZ33 -> 0 | FB33: =N33+Z33+AL33 -> 0 | FC33: =AU33 -> Buah | FD33: =AV33 -> 20700 | FE33: =FB33*FD33 -> 0 | FF33: =R33+AD33+AP33 -> 1 | FG33: =FC33 -> Buah | FH33: =FD33 -> 20700 | FI33: =FF33*FH33 -> 20700 | FJ33: =J33+FB33-FF33 -> 5 | FK33: =FG33 -> Buah | FL33: =FH33 -> 20700 | FM33: =FJ33*FL33 -> 103500 | FN33: =AX33+BJ33+BV33 -> 0 | FO33: =FK33 -> Buah | FP33: =FL33 -> 20700 | FQ33: =FN33*FP33 -> 0 | FR33: =BB33+BN33+BZ33 -> 2 | FS33: =FO33 -> Buah | FT33: =FP33 -> 20700 | FU33: =FR33*FT33 -> 41400 | FV33: =FJ33+FN33-FR33 -> 3 | FW33: =FS33 -> Buah | FX33: =FT33 -> 20700 | FY33: =FV33*FX33 -> 62100 | FZ33: =FB33+FN33 -> 0 | GA33: =FW33 -> Buah | GB33: =FX33 -> 20700 | GC33: =FZ33*GB33 -> 0 | GD33: =FF33+FR33 -> 3 | GE33: =GA33 -> Buah | GF33: =GB33 -> 20700 | GG33: =GD33*GF33 -> 62100 | GH33: =J33+FZ33-GD33 -> 3 | GI33: =GE33 -> Buah | GJ33: =GF33 -> 20700 | GK33: =GH33*GJ33 -> 62100 | GM33: =CH33+CT33+DF33 -> 0 | GN33: =DO33 -> Buah | GO33: =DP33 -> 20700 | GP33: =GM33*GO33 -> 0 | GQ33: =CL33+CX33+DJ33 -> 3 | GR33: =GN33 -> Buah | GS33: =GO33 -> 20700 | GT33: =GQ33*GS33 -> 62100 | GU33: =GH33+GM33-GQ33 -> 0 | GV33: =GR33 -> Buah | GW33: =GS33 -> 20700 | GX33: =GU33*GW33 -> 0 | GZ33: =FZ33+GM33 -> 0 | HA33: =GV33 -> Buah | HB33: =GW33 -> 20700 | HC33: =GZ33*HB33 -> 0 | HD33: =GD33+GQ33 -> 6 | HE33: =HA33 -> Buah | HF33: =HB33 -> 20700 | HG33: =HD33*HF33 -> 124200 | HH33: =J33+GZ33-HD33 -> 0 | HI33: =HE33 -> Buah | HJ33: =HF33 -> 20700 | HK33: =HH33*HJ33 -> 0 | HL33: TIDAK | HM33: =ROUNDUP(GZ33,0) -> 0 | HN33: =GZ33-HM33 -> 0 | HO33: =ROUNDUP(HB33,0) -> 20700 | HP33: =HB33-HO33 -> 0 | HQ33: =ROUNDUP(HC33,0) -> 0 | HR33: =HC33-HQ33 -> 0 | HS33: =ROUNDUP(HD33,0) -> 6 | HT33: =HD33-HS33 -> 0 | HU33: =ROUNDUP(HF33,0) -> 20700 | HV33: =HF33-HU33 -> 0 | HW33: =ROUNDUP(HG33,0) -> 124200 | HX33: =HG33-HW33 -> 0 | HY33: =ROUNDUP(HH33,0) -> 0 | HZ33: =HH33-HY33 -> 0 | IA33: =ROUNDUP(HJ33,0) -> 20700 | IB33: =HJ33-IA33 -> 0 | IC33: =ROUNDUP(HK33,0) -> 0 | ID33: =HK33-IC33 -> 0 | IF33: =ROUNDUP(DR33,0) -> 0 | IG33: =DR33-IF33 -> 0 | IH33: =ROUNDUP(DT33,0) -> 20700 | II33: =DT33-IH33 -> 0 | IJ33: =ROUNDUP(DU33,0) -> 0 | IK33: =DU33-IJ33 -> 0 | IL33: =ROUNDUP(DV33,0) -> 0 | IM33: =DV33-IL33 -> 0 | IN33: =ROUNDUP(DX33,0) -> 20700 | IO33: =DX33-IN33 -> 0 | IP33: =ROUNDUP(DY33,0) -> 0 | IQ33: =DY33-IP33 -> 0 | IR33: =ROUNDUP(DZ33,0) -> 0 | IS33: =DZ33-IR33 -> 0 | IT33: =ROUNDUP(EB33,0) -> 20700 | IU33: =EB33-IT33 -> 0 | IV33: =ROUNDUP(EC33,0) -> 0 | IW33: =EC33-IV33 -> 0 | IY33: =DR33+GZ33 -> 0 | IZ33: =DS33 -> Buah | JA33: =DT33 -> 20700 | JB33: =IY33*JA33 -> 0 | JC33: =DV33+HD33 -> 6 | JD33: =IZ33 -> Buah | JE33: =JA33 -> 20700 | JF33: =JC33*JE33 -> 124200 | JG33: =J33+IY33-JC33 -> 0 | JH33: =JD33 -> Buah | JI33: =JE33 -> 20700 | JJ33: =JG33*JI33 -> 0
B34: CABANG PENDIDIKAN WILAYAH X | C34: 5.1.02.01.01.0024 | D34: 6 | E34: Kertas HVS 80gram A4 | J34: 9 | K34: Rim | L34: 68250 | M34: 614250 | O34: Rim | P34: 68250 | Q34: 0 | R34: 5 | S34: =O34 -> Rim | T34: =P34 -> 68250 | U34: =R34*T34 -> 341250 | V34: =J34+N34-R34 -> 4 | W34: =O34 -> Rim | X34: =P34 -> 68250 | Y34: =V34*X34 -> 273000 | AA34: =W34 -> Rim | AB34: =X34 -> 68250 | AC34: =Z34*AB34 -> 0 | AD34: 2 | AE34: =AA34 -> Rim | AF34: =AB34 -> 68250 | AG34: =AD34*AF34 -> 136500 | AH34: =V34+Z34-AD34 -> 2 | AI34: =AA34 -> Rim | AJ34: =AB34 -> 68250 | AK34: =AH34*AJ34 -> 136500 | AM34: =AI34 -> Rim | AN34: =AJ34 -> 68250 | AP34: 1 | AQ34: =AM34 -> Rim | AR34: =AN34 -> 68250 | AS34: =AP34*AR34 -> 68250 | AT34: =AH34+AL34-AP34 -> 1 | AU34: =AM34 -> Rim | AV34: =AN34 -> 68250 | AW34: =AT34*AV34 -> 68250 | AY34: =AU34 -> Rim | AZ34: =AV34 -> 68250 | BA34: =AX34*AZ34 -> 0 | BC34: =AY34 -> Rim | BD34: =AZ34 -> 68250 | BE34: =BB34*BD34 -> 0 | BF34: =AT34+AX34-BB34 -> 1 | BG34: =AY34 -> Rim | BH34: =AZ34 -> 68250 | BI34: =BF34*BH34 -> 68250 | BK34: =BG34 -> Rim | BL34: =BH34 -> 68250 | BM34: =BJ34*BL34 -> 0 | BN34: 1 | BO34: =BK34 -> Rim | BP34: =BL34 -> 68250 | BQ34: =BN34*BP34 -> 68250 | BR34: =BF34+BJ34-BN34 -> 0 | BS34: =BK34 -> Rim | BT34: =BL34 -> 68250 | BU34: =BR34*BT34 -> 0 | BW34: =BS34 -> Rim | BX34: =BT34 -> 68250 | BY34: =BV34*BX34 -> 0 | CA34: =BW34 -> Rim | CB34: =BX34 -> 68250 | CC34: =BZ34*CB34 -> 0 | CD34: =BR34+BV34-BZ34 -> 0 | CE34: =BW34 -> Rim | CF34: =BX34 -> 68250 | CG34: =CD34*CF34 -> 0 | CI34: =CE34 -> Rim | CJ34: =CF34 -> 68250 | CK34: =CH34*CJ34 -> 0 | CM34: =CI34 -> Rim | CN34: =CJ34 -> 68250 | CO34: =CL34*CN34 -> 0 | CP34: =CD34+CH34-CL34 -> 0 | CQ34: =CI34 -> Rim | CR34: =CJ34 -> 68250 | CS34: =CP34*CR34 -> 0 | CU34: =CQ34 -> Rim | CV34: =CR34 -> 68250 | CW34: =CT34*CV34 -> 0 | CY34: =CU34 -> Rim | CZ34: =CV34 -> 68250 | DA34: =CX34*CZ34 -> 0 | DB34: =CP34+CT34-CX34 -> 0 | DC34: =CU34 -> Rim | DD34: =CV34 -> 68250 | DE34: =DB34*DD34 -> 0 | DG34: =DC34 -> Rim | DH34: =DD34 -> 68250 | DI34: =DF34*DH34 -> 0 | DK34: =DG34 -> Rim | DL34: =DH34 -> 68250 | DM34: =DJ34*DL34 -> 0 | DN34: =DB34+DF34-DJ34 -> 0 | DO34: =DG34 -> Rim | DP34: =DH34 -> 68250 | DQ34: =DN34*DP34 -> 0 | DS34: =DO34 -> Rim | DT34: =DP34 -> 68250 | DU34: =DR34*DT34 -> 0 | DW34: =DS34 -> Rim | DX34: =DT34 -> 68250 | DY34: =DV34*DX34 -> 0 | DZ34: =DN34+DR34-DV34 -> 0 | EA34: =DS34 -> Rim | EB34: =DT34 -> 68250 | EC34: =DZ34*EB34 -> 0 | EE34: =EA34 -> Rim | EF34: =EB34 -> 68250 | EG34: =ED34*EF34 -> 0 | EI34: =EE34 -> Rim | EJ34: =EF34 -> 68250 | EK34: =EH34*EJ34 -> 0 | EL34: =DZ34+ED34-EH34 -> 0 | EM34: =EE34 -> Rim | EN34: =EF34 -> 68250 | EO34: =EL34*EN34 -> 0 | EQ34: =EM34 -> Rim | ER34: =EN34 -> 68250 | ES34: =EP34*ER34 -> 0 | EU34: =EQ34 -> Rim | EV34: =ER34 -> 68250 | EW34: =ET34*EV34 -> 0 | EX34: =EL34+EP34-ET34 -> 0 | EY34: =EQ34 -> Rim | EZ34: =ER34 -> 68250 | FA34: =EX34*EZ34 -> 0 | FB34: =N34+Z34+AL34 -> 0 | FC34: =AU34 -> Rim | FD34: =AV34 -> 68250 | FE34: =FB34*FD34 -> 0 | FF34: =R34+AD34+AP34 -> 8 | FG34: =FC34 -> Rim | FH34: =FD34 -> 68250 | FI34: =FF34*FH34 -> 546000 | FJ34: =J34+FB34-FF34 -> 1 | FK34: =FG34 -> Rim | FL34: =FH34 -> 68250 | FM34: =FJ34*FL34 -> 68250 | FN34: =AX34+BJ34+BV34 -> 0 | FO34: =FK34 -> Rim | FP34: =FL34 -> 68250 | FQ34: =FN34*FP34 -> 0 | FR34: =BB34+BN34+BZ34 -> 1 | FS34: =FO34 -> Rim | FT34: =FP34 -> 68250 | FU34: =FR34*FT34 -> 68250 | FV34: =FJ34+FN34-FR34 -> 0 | FW34: =FS34 -> Rim | FX34: =FT34 -> 68250 | FY34: =FV34*FX34 -> 0 | FZ34: =FB34+FN34 -> 0 | GA34: =FW34 -> Rim | GB34: =FX34 -> 68250 | GC34: =FZ34*GB34 -> 0 | GD34: =FF34+FR34 -> 9 | GE34: =GA34 -> Rim | GF34: =GB34 -> 68250 | GG34: =GD34*GF34 -> 614250 | GH34: =J34+FZ34-GD34 -> 0 | GI34: =GE34 -> Rim | GJ34: =GF34 -> 68250 | GK34: =GH34*GJ34 -> 0 | GM34: =CH34+CT34+DF34 -> 0 | GN34: =DO34 -> Rim | GO34: =DP34 -> 68250 | GP34: =GM34*GO34 -> 0 | GQ34: =CL34+CX34+DJ34 -> 0 | GR34: =GN34 -> Rim | GS34: =GO34 -> 68250 | GT34: =GQ34*GS34 -> 0 | GU34: =GH34+GM34-GQ34 -> 0 | GV34: =GR34 -> Rim | GW34: =GS34 -> 68250 | GX34: =GU34*GW34 -> 0 | GZ34: =FZ34+GM34 -> 0 | HA34: =GV34 -> Rim | HB34: =GW34 -> 68250 | HC34: =GZ34*HB34 -> 0 | HD34: =GD34+GQ34 -> 9 | HE34: =HA34 -> Rim | HF34: =HB34 -> 68250 | HG34: =HD34*HF34 -> 614250 | HH34: =J34+GZ34-HD34 -> 0 | HI34: =HE34 -> Rim | HJ34: =HF34 -> 68250 | HK34: =HH34*HJ34 -> 0 | HL34: TIDAK | HM34: =ROUNDUP(GZ34,0) -> 0 | HN34: =GZ34-HM34 -> 0 | HO34: =ROUNDUP(HB34,0) -> 68250 | HP34: =HB34-HO34 -> 0 | HQ34: =ROUNDUP(HC34,0) -> 0 | HR34: =HC34-HQ34 -> 0 | HS34: =ROUNDUP(HD34,0) -> 9 | HT34: =HD34-HS34 -> 0 | HU34: =ROUNDUP(HF34,0) -> 68250 | HV34: =HF34-HU34 -> 0 | HW34: =ROUNDUP(HG34,0) -> 614250 | HX34: =HG34-HW34 -> 0 | HY34: =ROUNDUP(HH34,0) -> 0 | HZ34: =HH34-HY34 -> 0 | IA34: =ROUNDUP(HJ34,0) -> 68250 | IB34: =HJ34-IA34 -> 0 | IC34: =ROUNDUP(HK34,0) -> 0 | ID34: =HK34-IC34 -> 0 | IF34: =ROUNDUP(DR34,0) -> 0 | IG34: =DR34-IF34 -> 0 | IH34: =ROUNDUP(DT34,0) -> 68250 | II34: =DT34-IH34 -> 0 | IJ34: =ROUNDUP(DU34,0) -> 0 | IK34: =DU34-IJ34 -> 0 | IL34: =ROUNDUP(DV34,0) -> 0 | IM34: =DV34-IL34 -> 0 | IN34: =ROUNDUP(DX34,0) -> 68250 | IO34: =DX34-IN34 -> 0 | IP34: =ROUNDUP(DY34,0) -> 0 | IQ34: =DY34-IP34 -> 0 | IR34: =ROUNDUP(DZ34,0) -> 0 | IS34: =DZ34-IR34 -> 0 | IT34: =ROUNDUP(EB34,0) -> 68250 | IU34: =EB34-IT34 -> 0 | IV34: =ROUNDUP(EC34,0) -> 0 | IW34: =EC34-IV34 -> 0 | IY34: =DR34+GZ34 -> 0 | IZ34: =DS34 -> Rim | JA34: =DT34 -> 68250 | JB34: =IY34*JA34 -> 0 | JC34: =DV34+HD34 -> 9 | JD34: =IZ34 -> Rim | JE34: =JA34 -> 68250 | JF34: =JC34*JE34 -> 614250 | JG34: =J34+IY34-JC34 -> 0 | JH34: =JD34 -> Rim | JI34: =JE34 -> 68250 | JJ34: =JG34*JI34 -> 0
B35: CABANG PENDIDIKAN WILAYAH X | C35: 5.1.02.01.01.0024 | D35: 7 | E35: Kertas HVS 80gram F4 | J35: 20 | K35: Rim | L35: 84000 | M35: 1680000 | O35: Rim | P35: 84000 | Q35: 0 | R35: 20 | S35: =O35 -> Rim | T35: =P35 -> 84000 | U35: =R35*T35 -> 1680000 | V35: =J35+N35-R35 -> 0 | W35: =O35 -> Rim | X35: =P35 -> 84000 | Y35: =V35*X35 -> 0 | AA35: =W35 -> Rim | AB35: =X35 -> 84000 | AC35: =Z35*AB35 -> 0 | AE35: =AA35 -> Rim | AF35: =AB35 -> 84000 | AG35: =AD35*AF35 -> 0 | AH35: =V35+Z35-AD35 -> 0 | AI35: =AA35 -> Rim | AJ35: =AB35 -> 84000 | AK35: =AH35*AJ35 -> 0 | AM35: =AI35 -> Rim | AN35: =AJ35 -> 84000 | AQ35: =AM35 -> Rim | AR35: =AN35 -> 84000 | AS35: =AP35*AR35 -> 0 | AT35: =AH35+AL35-AP35 -> 0 | AU35: =AM35 -> Rim | AV35: =AN35 -> 84000 | AW35: =AT35*AV35 -> 0 | AY35: =AU35 -> Rim | AZ35: =AV35 -> 84000 | BA35: =AX35*AZ35 -> 0 | BC35: =AY35 -> Rim | BD35: =AZ35 -> 84000 | BE35: =BB35*BD35 -> 0 | BF35: =AT35+AX35-BB35 -> 0 | BG35: =AY35 -> Rim | BH35: =AZ35 -> 84000 | BI35: =BF35*BH35 -> 0 | BK35: =BG35 -> Rim | BL35: =BH35 -> 84000 | BM35: =BJ35*BL35 -> 0 | BO35: =BK35 -> Rim | BP35: =BL35 -> 84000 | BQ35: =BN35*BP35 -> 0 | BR35: =BF35+BJ35-BN35 -> 0 | BS35: =BK35 -> Rim | BT35: =BL35 -> 84000 | BU35: =BR35*BT35 -> 0 | BW35: =BS35 -> Rim | BX35: =BT35 -> 84000 | BY35: =BV35*BX35 -> 0 | CA35: =BW35 -> Rim | CB35: =BX35 -> 84000 | CC35: =BZ35*CB35 -> 0 | CD35: =BR35+BV35-BZ35 -> 0 | CE35: =BW35 -> Rim | CF35: =BX35 -> 84000 | CG35: =CD35*CF35 -> 0 | CI35: =CE35 -> Rim | CJ35: =CF35 -> 84000 | CK35: =CH35*CJ35 -> 0 | CM35: =CI35 -> Rim | CN35: =CJ35 -> 84000 | CO35: =CL35*CN35 -> 0 | CP35: =CD35+CH35-CL35 -> 0 | CQ35: =CI35 -> Rim | CR35: =CJ35 -> 84000 | CS35: =CP35*CR35 -> 0 | CU35: =CQ35 -> Rim | CV35: =CR35 -> 84000 | CW35: =CT35*CV35 -> 0 | CY35: =CU35 -> Rim | CZ35: =CV35 -> 84000 | DA35: =CX35*CZ35 -> 0 | DB35: =CP35+CT35-CX35 -> 0 | DC35: =CU35 -> Rim | DD35: =CV35 -> 84000 | DE35: =DB35*DD35 -> 0 | DG35: =DC35 -> Rim | DH35: =DD35 -> 84000 | DI35: =DF35*DH35 -> 0 | DK35: =DG35 -> Rim | DL35: =DH35 -> 84000 | DM35: =DJ35*DL35 -> 0 | DN35: =DB35+DF35-DJ35 -> 0 | DO35: =DG35 -> Rim | DP35: =DH35 -> 84000 | DQ35: =DN35*DP35 -> 0 | DS35: =DO35 -> Rim | DT35: =DP35 -> 84000 | DU35: =DR35*DT35 -> 0 | DW35: =DS35 -> Rim | DX35: =DT35 -> 84000 | DY35: =DV35*DX35 -> 0 | DZ35: =DN35+DR35-DV35 -> 0 | EA35: =DS35 -> Rim | EB35: =DT35 -> 84000 | EC35: =DZ35*EB35 -> 0 | EE35: =EA35 -> Rim | EF35: =EB35 -> 84000 | EG35: =ED35*EF35 -> 0 | EI35: =EE35 -> Rim | EJ35: =EF35 -> 84000 | EK35: =EH35*EJ35 -> 0 | EL35: =DZ35+ED35-EH35 -> 0 | EM35: =EE35 -> Rim | EN35: =EF35 -> 84000 | EO35: =EL35*EN35 -> 0 | EQ35: =EM35 -> Rim | ER35: =EN35 -> 84000 | ES35: =EP35*ER35 -> 0 | EU35: =EQ35 -> Rim | EV35: =ER35 -> 84000 | EW35: =ET35*EV35 -> 0 | EX35: =EL35+EP35-ET35 -> 0 | EY35: =EQ35 -> Rim | EZ35: =ER35 -> 84000 | FA35: =EX35*EZ35 -> 0 | FB35: =N35+Z35+AL35 -> 0 | FC35: =AU35 -> Rim | FD35: =AV35 -> 84000 | FE35: =FB35*FD35 -> 0 | FF35: =R35+AD35+AP35 -> 20 | FG35: =FC35 -> Rim | FH35: =FD35 -> 84000 | FI35: =FF35*FH35 -> 1680000 | FJ35: =J35+FB35-FF35 -> 0 | FK35: =FG35 -> Rim | FL35: =FH35 -> 84000 | FM35: =FJ35*FL35 -> 0 | FN35: =AX35+BJ35+BV35 -> 0 | FO35: =FK35 -> Rim | FP35: =FL35 -> 84000 | FQ35: =FN35*FP35 -> 0 | FR35: =BB35+BN35+BZ35 -> 0 | FS35: =FO35 -> Rim | FT35: =FP35 -> 84000 | FU35: =FR35*FT35 -> 0 | FV35: =FJ35+FN35-FR35 -> 0 | FW35: =FS35 -> Rim | FX35: =FT35 -> 84000 | FY35: =FV35*FX35 -> 0 | FZ35: =FB35+FN35 -> 0 | GA35: =FW35 -> Rim | GB35: =FX35 -> 84000 | GC35: =FZ35*GB35 -> 0 | GD35: =FF35+FR35 -> 20 | GE35: =GA35 -> Rim | GF35: =GB35 -> 84000 | GG35: =GD35*GF35 -> 1680000 | GH35: =J35+FZ35-GD35 -> 0 | GI35: =GE35 -> Rim | GJ35: =GF35 -> 84000 | GK35: =GH35*GJ35 -> 0 | GM35: =CH35+CT35+DF35 -> 0 | GN35: =DO35 -> Rim | GO35: =DP35 -> 84000 | GP35: =GM35*GO35 -> 0 | GQ35: =CL35+CX35+DJ35 -> 0 | GR35: =GN35 -> Rim | GS35: =GO35 -> 84000 | GT35: =GQ35*GS35 -> 0 | GU35: =GH35+GM35-GQ35 -> 0 | GV35: =GR35 -> Rim | GW35: =GS35 -> 84000 | GX35: =GU35*GW35 -> 0 | GZ35: =FZ35+GM35 -> 0 | HA35: =GV35 -> Rim | HB35: =GW35 -> 84000 | HC35: =GZ35*HB35 -> 0 | HD35: =GD35+GQ35 -> 20 | HE35: =HA35 -> Rim | HF35: =HB35 -> 84000 | HG35: =HD35*HF35 -> 1680000 | HH35: =J35+GZ35-HD35 -> 0 | HI35: =HE35 -> Rim | HJ35: =HF35 -> 84000 | HK35: =HH35*HJ35 -> 0 | HL35: TIDAK | HM35: =ROUNDUP(GZ35,0) -> 0 | HN35: =GZ35-HM35 -> 0 | HO35: =ROUNDUP(HB35,0) -> 84000 | HP35: =HB35-HO35 -> 0 | HQ35: =ROUNDUP(HC35,0) -> 0 | HR35: =HC35-HQ35 -> 0 | HS35: =ROUNDUP(HD35,0) -> 20 | HT35: =HD35-HS35 -> 0 | HU35: =ROUNDUP(HF35,0) -> 84000 | HV35: =HF35-HU35 -> 0 | HW35: =ROUNDUP(HG35,0) -> 1680000 | HX35: =HG35-HW35 -> 0 | HY35: =ROUNDUP(HH35,0) -> 0 | HZ35: =HH35-HY35 -> 0 | IA35: =ROUNDUP(HJ35,0) -> 84000 | IB35: =HJ35-IA35 -> 0 | IC35: =ROUNDUP(HK35,0) -> 0 | ID35: =HK35-IC35 -> 0 | IF35: =ROUNDUP(DR35,0) -> 0 | IG35: =DR35-IF35 -> 0 | IH35: =ROUNDUP(DT35,0) -> 84000 | II35: =DT35-IH35 -> 0 | IJ35: =ROUNDUP(DU35,0) -> 0 | IK35: =DU35-IJ35 -> 0 | IL35: =ROUNDUP(DV35,0) -> 0 | IM35: =DV35-IL35 -> 0 | IN35: =ROUNDUP(DX35,0) -> 84000 | IO35: =DX35-IN35 -> 0 | IP35: =ROUNDUP(DY35,0) -> 0 | IQ35: =DY35-IP35 -> 0 | IR35: =ROUNDUP(DZ35,0) -> 0 | IS35: =DZ35-IR35 -> 0 | IT35: =ROUNDUP(EB35,0) -> 84000 | IU35: =EB35-IT35 -> 0 | IV35: =ROUNDUP(EC35,0) -> 0 | IW35: =EC35-IV35 -> 0 | IY35: =DR35+GZ35 -> 0 | IZ35: =DS35 -> Rim | JA35: =DT35 -> 84000 | JB35: =IY35*JA35 -> 0 | JC35: =DV35+HD35 -> 20 | JD35: =IZ35 -> Rim | JE35: =JA35 -> 84000 | JF35: =JC35*JE35 -> 1680000 | JG35: =J35+IY35-JC35 -> 0 | JH35: =JD35 -> Rim | JI35: =JE35 -> 84000 | JJ35: =JG35*JI35 -> 0
B36: CABANG PENDIDIKAN WILAYAH X | C36: 5.1.02.01.01.0024 | D36: 8 | E36: Isi Hekter Ukuran Standar | J36: 1 | K36: Pack | L36: 64100 | M36: 64100 | O36: Pack | P36: 64100 | Q36: 0 | S36: =O36 -> Pack | T36: =P36 -> 64100 | U36: =R36*T36 -> 0 | V36: =J36+N36-R36 -> 1 | W36: =O36 -> Pack | X36: =P36 -> 64100 | Y36: =V36*X36 -> 64100 | AA36: =W36 -> Pack | AB36: =X36 -> 64100 | AC36: =Z36*AB36 -> 0 | AE36: =AA36 -> Pack | AF36: =AB36 -> 64100 | AG36: =AD36*AF36 -> 0 | AH36: =V36+Z36-AD36 -> 1 | AI36: =AA36 -> Pack | AJ36: =AB36 -> 64100 | AK36: =AH36*AJ36 -> 64100 | AM36: =AI36 -> Pack | AN36: =AJ36 -> 64100 | AQ36: =AM36 -> Pack | AR36: =AN36 -> 64100 | AS36: =AP36*AR36 -> 0 | AT36: =AH36+AL36-AP36 -> 1 | AU36: =AM36 -> Pack | AV36: =AN36 -> 64100 | AW36: =AT36*AV36 -> 64100 | AY36: =AU36 -> Pack | AZ36: =AV36 -> 64100 | BA36: =AX36*AZ36 -> 0 | BC36: =AY36 -> Pack | BD36: =AZ36 -> 64100 | BE36: =BB36*BD36 -> 0 | BF36: =AT36+AX36-BB36 -> 1 | BG36: =AY36 -> Pack | BH36: =AZ36 -> 64100 | BI36: =BF36*BH36 -> 64100 | BK36: =BG36 -> Pack | BL36: =BH36 -> 64100 | BM36: =BJ36*BL36 -> 0 | BN36: 1 | BO36: =BK36 -> Pack | BP36: =BL36 -> 64100 | BQ36: =BN36*BP36 -> 64100 | BR36: =BF36+BJ36-BN36 -> 0 | BS36: =BK36 -> Pack | BT36: =BL36 -> 64100 | BU36: =BR36*BT36 -> 0 | BW36: =BS36 -> Pack | BX36: =BT36 -> 64100 | BY36: =BV36*BX36 -> 0 | CA36: =BW36 -> Pack | CB36: =BX36 -> 64100 | CC36: =BZ36*CB36 -> 0 | CD36: =BR36+BV36-BZ36 -> 0 | CE36: =BW36 -> Pack | CF36: =BX36 -> 64100 | CG36: =CD36*CF36 -> 0 | CI36: =CE36 -> Pack | CJ36: =CF36 -> 64100 | CK36: =CH36*CJ36 -> 0 | CM36: =CI36 -> Pack | CN36: =CJ36 -> 64100 | CO36: =CL36*CN36 -> 0 | CP36: =CD36+CH36-CL36 -> 0 | CQ36: =CI36 -> Pack | CR36: =CJ36 -> 64100 | CS36: =CP36*CR36 -> 0 | CU36: =CQ36 -> Pack | CV36: =CR36 -> 64100 | CW36: =CT36*CV36 -> 0 | CY36: =CU36 -> Pack | CZ36: =CV36 -> 64100 | DA36: =CX36*CZ36 -> 0 | DB36: =CP36+CT36-CX36 -> 0 | DC36: =CU36 -> Pack | DD36: =CV36 -> 64100 | DE36: =DB36*DD36 -> 0 | DG36: =DC36 -> Pack | DH36: =DD36 -> 64100 | DI36: =DF36*DH36 -> 0 | DK36: =DG36 -> Pack | DL36: =DH36 -> 64100 | DM36: =DJ36*DL36 -> 0 | DN36: =DB36+DF36-DJ36 -> 0 | DO36: =DG36 -> Pack | DP36: =DH36 -> 64100 | DQ36: =DN36*DP36 -> 0 | DS36: =DO36 -> Pack | DT36: =DP36 -> 64100 | DU36: =DR36*DT36 -> 0 | DW36: =DS36 -> Pack | DX36: =DT36 -> 64100 | DY36: =DV36*DX36 -> 0 | DZ36: =DN36+DR36-DV36 -> 0 | EA36: =DS36 -> Pack | EB36: =DT36 -> 64100 | EC36: =DZ36*EB36 -> 0 | EE36: =EA36 -> Pack | EF36: =EB36 -> 64100 | EG36: =ED36*EF36 -> 0 | EI36: =EE36 -> Pack | EJ36: =EF36 -> 64100 | EK36: =EH36*EJ36 -> 0 | EL36: =DZ36+ED36-EH36 -> 0 | EM36: =EE36 -> Pack | EN36: =EF36 -> 64100 | EO36: =EL36*EN36 -> 0 | EQ36: =EM36 -> Pack | ER36: =EN36 -> 64100 | ES36: =EP36*ER36 -> 0 | EU36: =EQ36 -> Pack | EV36: =ER36 -> 64100 | EW36: =ET36*EV36 -> 0 | EX36: =EL36+EP36-ET36 -> 0 | EY36: =EQ36 -> Pack | EZ36: =ER36 -> 64100 | FA36: =EX36*EZ36 -> 0 | FB36: =N36+Z36+AL36 -> 0 | FC36: =AU36 -> Pack | FD36: =AV36 -> 64100 | FE36: =FB36*FD36 -> 0 | FF36: =R36+AD36+AP36 -> 0 | FG36: =FC36 -> Pack | FH36: =FD36 -> 64100 | FI36: =FF36*FH36 -> 0 | FJ36: =J36+FB36-FF36 -> 1 | FK36: =FG36 -> Pack | FL36: =FH36 -> 64100 | FM36: =FJ36*FL36 -> 64100 | FN36: =AX36+BJ36+BV36 -> 0 | FO36: =FK36 -> Pack | FP36: =FL36 -> 64100 | FQ36: =FN36*FP36 -> 0 | FR36: =BB36+BN36+BZ36 -> 1 | FS36: =FO36 -> Pack | FT36: =FP36 -> 64100 | FU36: =FR36*FT36 -> 64100 | FV36: =FJ36+FN36-FR36 -> 0 | FW36: =FS36 -> Pack | FX36: =FT36 -> 64100 | FY36: =FV36*FX36 -> 0 | FZ36: =FB36+FN36 -> 0 | GA36: =FW36 -> Pack | GB36: =FX36 -> 64100 | GC36: =FZ36*GB36 -> 0 | GD36: =FF36+FR36 -> 1 | GE36: =GA36 -> Pack | GF36: =GB36 -> 64100 | GG36: =GD36*GF36 -> 64100 | GH36: =J36+FZ36-GD36 -> 0 | GI36: =GE36 -> Pack | GJ36: =GF36 -> 64100 | GK36: =GH36*GJ36 -> 0 | GM36: =CH36+CT36+DF36 -> 0 | GN36: =DO36 -> Pack | GO36: =DP36 -> 64100 | GP36: =GM36*GO36 -> 0 | GQ36: =CL36+CX36+DJ36 -> 0 | GR36: =GN36 -> Pack | GS36: =GO36 -> 64100 | GT36: =GQ36*GS36 -> 0 | GU36: =GH36+GM36-GQ36 -> 0 | GV36: =GR36 -> Pack | GW36: =GS36 -> 64100 | GX36: =GU36*GW36 -> 0 | GZ36: =FZ36+GM36 -> 0 | HA36: =GV36 -> Pack | HB36: =GW36 -> 64100 | HC36: =GZ36*HB36 -> 0 | HD36: =GD36+GQ36 -> 1 | HE36: =HA36 -> Pack | HF36: =HB36 -> 64100 | HG36: =HD36*HF36 -> 64100 | HH36: =J36+GZ36-HD36 -> 0 | HI36: =HE36 -> Pack | HJ36: =HF36 -> 64100 | HK36: =HH36*HJ36 -> 0 | HL36: TIDAK | HM36: =ROUNDUP(GZ36,0) -> 0 | HN36: =GZ36-HM36 -> 0 | HO36: =ROUNDUP(HB36,0) -> 64100 | HP36: =HB36-HO36 -> 0 | HQ36: =ROUNDUP(HC36,0) -> 0 | HR36: =HC36-HQ36 -> 0 | HS36: =ROUNDUP(HD36,0) -> 1 | HT36: =HD36-HS36 -> 0 | HU36: =ROUNDUP(HF36,0) -> 64100 | HV36: =HF36-HU36 -> 0 | HW36: =ROUNDUP(HG36,0) -> 64100 | HX36: =HG36-HW36 -> 0 | HY36: =ROUNDUP(HH36,0) -> 0 | HZ36: =HH36-HY36 -> 0 | IA36: =ROUNDUP(HJ36,0) -> 64100 | IB36: =HJ36-IA36 -> 0 | IC36: =ROUNDUP(HK36,0) -> 0 | ID36: =HK36-IC36 -> 0 | IF36: =ROUNDUP(DR36,0) -> 0 | IG36: =DR36-IF36 -> 0 | IH36: =ROUNDUP(DT36,0) -> 64100 | II36: =DT36-IH36 -> 0 | IJ36: =ROUNDUP(DU36,0) -> 0 | IK36: =DU36-IJ36 -> 0 | IL36: =ROUNDUP(DV36,0) -> 0 | IM36: =DV36-IL36 -> 0 | IN36: =ROUNDUP(DX36,0) -> 64100 | IO36: =DX36-IN36 -> 0 | IP36: =ROUNDUP(DY36,0) -> 0 | IQ36: =DY36-IP36 -> 0 | IR36: =ROUNDUP(DZ36,0) -> 0 | IS36: =DZ36-IR36 -> 0 | IT36: =ROUNDUP(EB36,0) -> 64100 | IU36: =EB36-IT36 -> 0 | IV36: =ROUNDUP(EC36,0) -> 0 | IW36: =EC36-IV36 -> 0 | IY36: =DR36+GZ36 -> 0 | IZ36: =DS36 -> Pack | JA36: =DT36 -> 64100 | JB36: =IY36*JA36 -> 0 | JC36: =DV36+HD36 -> 1 | JD36: =IZ36 -> Pack | JE36: =JA36 -> 64100 | JF36: =JC36*JE36 -> 64100 | JG36: =J36+IY36-JC36 -> 0 | JH36: =JD36 -> Pack | JI36: =JE36 -> 64100 | JJ36: =JG36*JI36 -> 0
B37: CABANG PENDIDIKAN WILAYAH X | C37: 5.1.02.01.01.0024 | D37: 9 | E37: Isolasi/Lakban | J37: 3 | K37: Buah | L37: 29500 | M37: 88500 | O37: Buah | P37: 29500 | Q37: 0 | R37: 3 | S37: =O37 -> Buah | T37: =P37 -> 29500 | U37: =R37*T37 -> 88500 | V37: =J37+N37-R37 -> 0 | W37: =O37 -> Buah | X37: =P37 -> 29500 | Y37: =V37*X37 -> 0 | AA37: =W37 -> Buah | AB37: =X37 -> 29500 | AC37: =Z37*AB37 -> 0 | AE37: =AA37 -> Buah | AF37: =AB37 -> 29500 | AG37: =AD37*AF37 -> 0 | AH37: =V37+Z37-AD37 -> 0 | AI37: =AA37 -> Buah | AJ37: =AB37 -> 29500 | AK37: =AH37*AJ37 -> 0 | AM37: =AI37 -> Buah | AN37: =AJ37 -> 29500 | AQ37: =AM37 -> Buah | AR37: =AN37 -> 29500 | AS37: =AP37*AR37 -> 0 | AT37: =AH37+AL37-AP37 -> 0 | AU37: =AM37 -> Buah | AV37: =AN37 -> 29500 | AW37: =AT37*AV37 -> 0 | AY37: =AU37 -> Buah | AZ37: =AV37 -> 29500 | BA37: =AX37*AZ37 -> 0 | BC37: =AY37 -> Buah | BD37: =AZ37 -> 29500 | BE37: =BB37*BD37 -> 0 | BF37: =AT37+AX37-BB37 -> 0 | BG37: =AY37 -> Buah | BH37: =AZ37 -> 29500 | BI37: =BF37*BH37 -> 0 | BK37: =BG37 -> Buah | BL37: =BH37 -> 29500 | BM37: =BJ37*BL37 -> 0 | BO37: =BK37 -> Buah | BP37: =BL37 -> 29500 | BQ37: =BN37*BP37 -> 0 | BR37: =BF37+BJ37-BN37 -> 0 | BS37: =BK37 -> Buah | BT37: =BL37 -> 29500 | BU37: =BR37*BT37 -> 0 | BW37: =BS37 -> Buah | BX37: =BT37 -> 29500 | BY37: =BV37*BX37 -> 0 | CA37: =BW37 -> Buah | CB37: =BX37 -> 29500 | CC37: =BZ37*CB37 -> 0 | CD37: =BR37+BV37-BZ37 -> 0 | CE37: =BW37 -> Buah | CF37: =BX37 -> 29500 | CG37: =CD37*CF37 -> 0 | CI37: =CE37 -> Buah | CJ37: =CF37 -> 29500 | CK37: =CH37*CJ37 -> 0 | CM37: =CI37 -> Buah | CN37: =CJ37 -> 29500 | CO37: =CL37*CN37 -> 0 | CP37: =CD37+CH37-CL37 -> 0 | CQ37: =CI37 -> Buah | CR37: =CJ37 -> 29500 | CS37: =CP37*CR37 -> 0 | CU37: =CQ37 -> Buah | CV37: =CR37 -> 29500 | CW37: =CT37*CV37 -> 0 | CY37: =CU37 -> Buah | CZ37: =CV37 -> 29500 | DA37: =CX37*CZ37 -> 0 | DB37: =CP37+CT37-CX37 -> 0 | DC37: =CU37 -> Buah | DD37: =CV37 -> 29500 | DE37: =DB37*DD37 -> 0 | DG37: =DC37 -> Buah | DH37: =DD37 -> 29500 | DI37: =DF37*DH37 -> 0 | DK37: =DG37 -> Buah | DL37: =DH37 -> 29500 | DM37: =DJ37*DL37 -> 0 | DN37: =DB37+DF37-DJ37 -> 0 | DO37: =DG37 -> Buah | DP37: =DH37 -> 29500 | DQ37: =DN37*DP37 -> 0 | DS37: =DO37 -> Buah | DT37: =DP37 -> 29500 | DU37: =DR37*DT37 -> 0 | DW37: =DS37 -> Buah | DX37: =DT37 -> 29500 | DY37: =DV37*DX37 -> 0 | DZ37: =DN37+DR37-DV37 -> 0 | EA37: =DS37 -> Buah | EB37: =DT37 -> 29500 | EC37: =DZ37*EB37 -> 0 | EE37: =EA37 -> Buah | EF37: =EB37 -> 29500 | EG37: =ED37*EF37 -> 0 | EI37: =EE37 -> Buah | EJ37: =EF37 -> 29500 | EK37: =EH37*EJ37 -> 0 | EL37: =DZ37+ED37-EH37 -> 0 | EM37: =EE37 -> Buah | EN37: =EF37 -> 29500 | EO37: =EL37*EN37 -> 0 | EQ37: =EM37 -> Buah | ER37: =EN37 -> 29500 | ES37: =EP37*ER37 -> 0 | EU37: =EQ37 -> Buah | EV37: =ER37 -> 29500 | EW37: =ET37*EV37 -> 0 | EX37: =EL37+EP37-ET37 -> 0 | EY37: =EQ37 -> Buah | EZ37: =ER37 -> 29500 | FA37: =EX37*EZ37 -> 0 | FB37: =N37+Z37+AL37 -> 0 | FC37: =AU37 -> Buah | FD37: =AV37 -> 29500 | FE37: =FB37*FD37 -> 0 | FF37: =R37+AD37+AP37 -> 3 | FG37: =FC37 -> Buah | FH37: =FD37 -> 29500 | FI37: =FF37*FH37 -> 88500 | FJ37: =J37+FB37-FF37 -> 0 | FK37: =FG37 -> Buah | FL37: =FH37 -> 29500 | FM37: =FJ37*FL37 -> 0 | FN37: =AX37+BJ37+BV37 -> 0 | FO37: =FK37 -> Buah | FP37: =FL37 -> 29500 | FQ37: =FN37*FP37 -> 0 | FR37: =BB37+BN37+BZ37 -> 0 | FS37: =FO37 -> Buah | FT37: =FP37 -> 29500 | FU37: =FR37*FT37 -> 0 | FV37: =FJ37+FN37-FR37 -> 0 | FW37: =FS37 -> Buah | FX37: =FT37 -> 29500 | FY37: =FV37*FX37 -> 0 | FZ37: =FB37+FN37 -> 0 | GA37: =FW37 -> Buah | GB37: =FX37 -> 29500 | GC37: =FZ37*GB37 -> 0 | GD37: =FF37+FR37 -> 3 | GE37: =GA37 -> Buah | GF37: =GB37 -> 29500 | GG37: =GD37*GF37 -> 88500 | GH37: =J37+FZ37-GD37 -> 0 | GI37: =GE37 -> Buah | GJ37: =GF37 -> 29500 | GK37: =GH37*GJ37 -> 0 | GM37: =CH37+CT37+DF37 -> 0 | GN37: =DO37 -> Buah | GO37: =DP37 -> 29500 | GP37: =GM37*GO37 -> 0 | GQ37: =CL37+CX37+DJ37 -> 0 | GR37: =GN37 -> Buah | GS37: =GO37 -> 29500 | GT37: =GQ37*GS37 -> 0 | GU37: =GH37+GM37-GQ37 -> 0 | GV37: =GR37 -> Buah | GW37: =GS37 -> 29500 | GX37: =GU37*GW37 -> 0 | GZ37: =FZ37+GM37 -> 0 | HA37: =GV37 -> Buah | HB37: =GW37 -> 29500 | HC37: =GZ37*HB37 -> 0 | HD37: =GD37+GQ37 -> 3 | HE37: =HA37 -> Buah | HF37: =HB37 -> 29500 | HG37: =HD37*HF37 -> 88500 | HH37: =J37+GZ37-HD37 -> 0 | HI37: =HE37 -> Buah | HJ37: =HF37 -> 29500 | HK37: =HH37*HJ37 -> 0 | HL37: TIDAK | HM37: =ROUNDUP(GZ37,0) -> 0 | HN37: =GZ37-HM37 -> 0 | HO37: =ROUNDUP(HB37,0) -> 29500 | HP37: =HB37-HO37 -> 0 | HQ37: =ROUNDUP(HC37,0) -> 0 | HR37: =HC37-HQ37 -> 0 | HS37: =ROUNDUP(HD37,0) -> 3 | HT37: =HD37-HS37 -> 0 | HU37: =ROUNDUP(HF37,0) -> 29500 | HV37: =HF37-HU37 -> 0 | HW37: =ROUNDUP(HG37,0) -> 88500 | HX37: =HG37-HW37 -> 0 | HY37: =ROUNDUP(HH37,0) -> 0 | HZ37: =HH37-HY37 -> 0 | IA37: =ROUNDUP(HJ37,0) -> 29500 | IB37: =HJ37-IA37 -> 0 | IC37: =ROUNDUP(HK37,0) -> 0 | ID37: =HK37-IC37 -> 0 | IF37: =ROUNDUP(DR37,0) -> 0 | IG37: =DR37-IF37 -> 0 | IH37: =ROUNDUP(DT37,0) -> 29500 | II37: =DT37-IH37 -> 0 | IJ37: =ROUNDUP(DU37,0) -> 0 | IK37: =DU37-IJ37 -> 0 | IL37: =ROUNDUP(DV37,0) -> 0 | IM37: =DV37-IL37 -> 0 | IN37: =ROUNDUP(DX37,0) -> 29500 | IO37: =DX37-IN37 -> 0 | IP37: =ROUNDUP(DY37,0) -> 0 | IQ37: =DY37-IP37 -> 0 | IR37: =ROUNDUP(DZ37,0) -> 0 | IS37: =DZ37-IR37 -> 0 | IT37: =ROUNDUP(EB37,0) -> 29500 | IU37: =EB37-IT37 -> 0 | IV37: =ROUNDUP(EC37,0) -> 0 | IW37: =EC37-IV37 -> 0 | IY37: =DR37+GZ37 -> 0 | IZ37: =DS37 -> Buah | JA37: =DT37 -> 29500 | JB37: =IY37*JA37 -> 0 | JC37: =DV37+HD37 -> 3 | JD37: =IZ37 -> Buah | JE37: =JA37 -> 29500 | JF37: =JC37*JE37 -> 88500 | JG37: =J37+IY37-JC37 -> 0 | JH37: =JD37 -> Buah | JI37: =JE37 -> 29500 | JJ37: =JG37*JI37 -> 0
B38: CABANG PENDIDIKAN WILAYAH X | C38: 5.1.02.01.01.0024 | D38: 10 | E38: Mistar/Penggaris | J38: 8 | K38: Buah | L38: 18100 | M38: 144800 | O38: Buah | P38: 18100 | Q38: 0 | R38: 1 | S38: =O38 -> Buah | T38: =P38 -> 18100 | U38: =R38*T38 -> 18100 | V38: =J38+N38-R38 -> 7 | W38: =O38 -> Buah | X38: =P38 -> 18100 | Y38: =V38*X38 -> 126700 | AA38: =W38 -> Buah | AB38: =X38 -> 18100 | AC38: =Z38*AB38 -> 0 | AE38: =AA38 -> Buah | AF38: =AB38 -> 18100 | AG38: =AD38*AF38 -> 0 | AH38: =V38+Z38-AD38 -> 7 | AI38: =AA38 -> Buah | AJ38: =AB38 -> 18100 | AK38: =AH38*AJ38 -> 126700 | AM38: =AI38 -> Buah | AN38: =AJ38 -> 18100 | AQ38: =AM38 -> Buah | AR38: =AN38 -> 18100 | AS38: =AP38*AR38 -> 0 | AT38: =AH38+AL38-AP38 -> 7 | AU38: =AM38 -> Buah | AV38: =AN38 -> 18100 | AW38: =AT38*AV38 -> 126700 | AY38: =AU38 -> Buah | AZ38: =AV38 -> 18100 | BA38: =AX38*AZ38 -> 0 | BC38: =AY38 -> Buah | BD38: =AZ38 -> 18100 | BE38: =BB38*BD38 -> 0 | BF38: =AT38+AX38-BB38 -> 7 | BG38: =AY38 -> Buah | BH38: =AZ38 -> 18100 | BI38: =BF38*BH38 -> 126700 | BK38: =BG38 -> Buah | BL38: =BH38 -> 18100 | BM38: =BJ38*BL38 -> 0 | BO38: =BK38 -> Buah | BP38: =BL38 -> 18100 | BQ38: =BN38*BP38 -> 0 | BR38: =BF38+BJ38-BN38 -> 7 | BS38: =BK38 -> Buah | BT38: =BL38 -> 18100 | BU38: =BR38*BT38 -> 126700 | BW38: =BS38 -> Buah | BX38: =BT38 -> 18100 | BY38: =BV38*BX38 -> 0 | CA38: =BW38 -> Buah | CB38: =BX38 -> 18100 | CC38: =BZ38*CB38 -> 0 | CD38: =BR38+BV38-BZ38 -> 7 | CE38: =BW38 -> Buah | CF38: =BX38 -> 18100 | CG38: =CD38*CF38 -> 126700 | CI38: =CE38 -> Buah | CJ38: =CF38 -> 18100 | CK38: =CH38*CJ38 -> 0 | CL38: 1 | CM38: =CI38 -> Buah | CN38: =CJ38 -> 18100 | CO38: =CL38*CN38 -> 18100 | CP38: =CD38+CH38-CL38 -> 6 | CQ38: =CI38 -> Buah | CR38: =CJ38 -> 18100 | CS38: =CP38*CR38 -> 108600 | CU38: =CQ38 -> Buah | CV38: =CR38 -> 18100 | CW38: =CT38*CV38 -> 0 | CY38: =CU38 -> Buah | CZ38: =CV38 -> 18100 | DA38: =CX38*CZ38 -> 0 | DB38: =CP38+CT38-CX38 -> 6 | DC38: =CU38 -> Buah | DD38: =CV38 -> 18100 | DE38: =DB38*DD38 -> 108600 | DG38: =DC38 -> Buah | DH38: =DD38 -> 18100 | DI38: =DF38*DH38 -> 0 | DJ38: 2 | DK38: =DG38 -> Buah | DL38: =DH38 -> 18100 | DM38: =DJ38*DL38 -> 36200 | DN38: =DB38+DF38-DJ38 -> 4 | DO38: =DG38 -> Buah | DP38: =DH38 -> 18100 | DQ38: =DN38*DP38 -> 72400 | DS38: =DO38 -> Buah | DT38: =DP38 -> 18100 | DU38: =DR38*DT38 -> 0 | DW38: =DS38 -> Buah | DX38: =DT38 -> 18100 | DY38: =DV38*DX38 -> 0 | DZ38: =DN38+DR38-DV38 -> 4 | EA38: =DS38 -> Buah | EB38: =DT38 -> 18100 | EC38: =DZ38*EB38 -> 72400 | EE38: =EA38 -> Buah | EF38: =EB38 -> 18100 | EG38: =ED38*EF38 -> 0 | EI38: =EE38 -> Buah | EJ38: =EF38 -> 18100 | EK38: =EH38*EJ38 -> 0 | EL38: =DZ38+ED38-EH38 -> 4 | EM38: =EE38 -> Buah | EN38: =EF38 -> 18100 | EO38: =EL38*EN38 -> 72400 | EQ38: =EM38 -> Buah | ER38: =EN38 -> 18100 | ES38: =EP38*ER38 -> 0 | EU38: =EQ38 -> Buah | EV38: =ER38 -> 18100 | EW38: =ET38*EV38 -> 0 | EX38: =EL38+EP38-ET38 -> 4 | EY38: =EQ38 -> Buah | EZ38: =ER38 -> 18100 | FA38: =EX38*EZ38 -> 72400 | FB38: =N38+Z38+AL38 -> 0 | FC38: =AU38 -> Buah | FD38: =AV38 -> 18100 | FE38: =FB38*FD38 -> 0 | FF38: =R38+AD38+AP38 -> 1 | FG38: =FC38 -> Buah | FH38: =FD38 -> 18100 | FI38: =FF38*FH38 -> 18100 | FJ38: =J38+FB38-FF38 -> 7 | FK38: =FG38 -> Buah | FL38: =FH38 -> 18100 | FM38: =FJ38*FL38 -> 126700 | FN38: =AX38+BJ38+BV38 -> 0 | FO38: =FK38 -> Buah | FP38: =FL38 -> 18100 | FQ38: =FN38*FP38 -> 0 | FR38: =BB38+BN38+BZ38 -> 0 | FS38: =FO38 -> Buah | FT38: =FP38 -> 18100 | FU38: =FR38*FT38 -> 0 | FV38: =FJ38+FN38-FR38 -> 7 | FW38: =FS38 -> Buah | FX38: =FT38 -> 18100 | FY38: =FV38*FX38 -> 126700 | FZ38: =FB38+FN38 -> 0 | GA38: =FW38 -> Buah | GB38: =FX38 -> 18100 | GC38: =FZ38*GB38 -> 0 | GD38: =FF38+FR38 -> 1 | GE38: =GA38 -> Buah | GF38: =GB38 -> 18100 | GG38: =GD38*GF38 -> 18100 | GH38: =J38+FZ38-GD38 -> 7 | GI38: =GE38 -> Buah | GJ38: =GF38 -> 18100 | GK38: =GH38*GJ38 -> 126700 | GM38: =CH38+CT38+DF38 -> 0 | GN38: =DO38 -> Buah | GO38: =DP38 -> 18100 | GP38: =GM38*GO38 -> 0 | GQ38: =CL38+CX38+DJ38 -> 3 | GR38: =GN38 -> Buah | GS38: =GO38 -> 18100 | GT38: =GQ38*GS38 -> 54300 | GU38: =GH38+GM38-GQ38 -> 4 | GV38: =GR38 -> Buah | GW38: =GS38 -> 18100 | GX38: =GU38*GW38 -> 72400 | GZ38: =FZ38+GM38 -> 0 | HA38: =GV38 -> Buah | HB38: =GW38 -> 18100 | HC38: =GZ38*HB38 -> 0 | HD38: =GD38+GQ38 -> 4 | HE38: =HA38 -> Buah | HF38: =HB38 -> 18100 | HG38: =HD38*HF38 -> 72400 | HH38: =J38+GZ38-HD38 -> 4 | HI38: =HE38 -> Buah | HJ38: =HF38 -> 18100 | HK38: =HH38*HJ38 -> 72400 | HL38: TIDAK | HM38: =ROUNDUP(GZ38,0) -> 0 | HN38: =GZ38-HM38 -> 0 | HO38: =ROUNDUP(HB38,0) -> 18100 | HP38: =HB38-HO38 -> 0 | HQ38: =ROUNDUP(HC38,0) -> 0 | HR38: =HC38-HQ38 -> 0 | HS38: =ROUNDUP(HD38,0) -> 4 | HT38: =HD38-HS38 -> 0 | HU38: =ROUNDUP(HF38,0) -> 18100 | HV38: =HF38-HU38 -> 0 | HW38: =ROUNDUP(HG38,0) -> 72400 | HX38: =HG38-HW38 -> 0 | HY38: =ROUNDUP(HH38,0) -> 4 | HZ38: =HH38-HY38 -> 0 | IA38: =ROUNDUP(HJ38,0) -> 18100 | IB38: =HJ38-IA38 -> 0 | IC38: =ROUNDUP(HK38,0) -> 72400 | ID38: =HK38-IC38 -> 0 | IF38: =ROUNDUP(DR38,0) -> 0 | IG38: =DR38-IF38 -> 0 | IH38: =ROUNDUP(DT38,0) -> 18100 | II38: =DT38-IH38 -> 0 | IJ38: =ROUNDUP(DU38,0) -> 0 | IK38: =DU38-IJ38 -> 0 | IL38: =ROUNDUP(DV38,0) -> 0 | IM38: =DV38-IL38 -> 0 | IN38: =ROUNDUP(DX38,0) -> 18100 | IO38: =DX38-IN38 -> 0 | IP38: =ROUNDUP(DY38,0) -> 0 | IQ38: =DY38-IP38 -> 0 | IR38: =ROUNDUP(DZ38,0) -> 4 | IS38: =DZ38-IR38 -> 0 | IT38: =ROUNDUP(EB38,0) -> 18100 | IU38: =EB38-IT38 -> 0 | IV38: =ROUNDUP(EC38,0) -> 72400 | IW38: =EC38-IV38 -> 0 | IY38: =DR38+GZ38 -> 0 | IZ38: =DS38 -> Buah | JA38: =DT38 -> 18100 | JB38: =IY38*JA38 -> 0 | JC38: =DV38+HD38 -> 4 | JD38: =IZ38 -> Buah | JE38: =JA38 -> 18100 | JF38: =JC38*JE38 -> 72400 | JG38: =J38+IY38-JC38 -> 4 | JH38: =JD38 -> Buah | JI38: =JE38 -> 18100 | JJ38: =JG38*JI38 -> 72400
B39: CABANG PENDIDIKAN WILAYAH X | C39: 5.1.02.01.01.0024 | D39: 11 | E39: Ordner | J39: 3 | K39: Pack | L39: 228300 | M39: 684900 | O39: Pack | P39: 228300 | Q39: 0 | R39: 1 | S39: =O39 -> Pack | T39: =P39 -> 228300 | U39: =R39*T39 -> 228300 | V39: =J39+N39-R39 -> 2 | W39: =O39 -> Pack | X39: =P39 -> 228300 | Y39: =V39*X39 -> 456600 | AA39: =W39 -> Pack | AB39: =X39 -> 228300 | AC39: =Z39*AB39 -> 0 | AE39: =AA39 -> Pack | AF39: =AB39 -> 228300 | AG39: =AD39*AF39 -> 0 | AH39: =V39+Z39-AD39 -> 2 | AI39: =AA39 -> Pack | AJ39: =AB39 -> 228300 | AK39: =AH39*AJ39 -> 456600 | AM39: =AI39 -> Pack | AN39: =AJ39 -> 228300 | AQ39: =AM39 -> Pack | AR39: =AN39 -> 228300 | AS39: =AP39*AR39 -> 0 | AT39: =AH39+AL39-AP39 -> 2 | AU39: =AM39 -> Pack | AV39: =AN39 -> 228300 | AW39: =AT39*AV39 -> 456600 | AY39: =AU39 -> Pack | AZ39: =AV39 -> 228300 | BA39: =AX39*AZ39 -> 0 | BB39: 1 | BC39: =AY39 -> Pack | BD39: =AZ39 -> 228300 | BE39: =BB39*BD39 -> 228300 | BF39: =AT39+AX39-BB39 -> 1 | BG39: =AY39 -> Pack | BH39: =AZ39 -> 228300 | BI39: =BF39*BH39 -> 228300 | BK39: =BG39 -> Pack | BL39: =BH39 -> 228300 | BM39: =BJ39*BL39 -> 0 | BN39: 1 | BO39: =BK39 -> Pack | BP39: =BL39 -> 228300 | BQ39: =BN39*BP39 -> 228300 | BR39: =BF39+BJ39-BN39 -> 0 | BS39: =BK39 -> Pack | BT39: =BL39 -> 228300 | BU39: =BR39*BT39 -> 0 | BW39: =BS39 -> Pack | BX39: =BT39 -> 228300 | BY39: =BV39*BX39 -> 0 | CA39: =BW39 -> Pack | CB39: =BX39 -> 228300 | CC39: =BZ39*CB39 -> 0 | CD39: =BR39+BV39-BZ39 -> 0 | CE39: =BW39 -> Pack | CF39: =BX39 -> 228300 | CG39: =CD39*CF39 -> 0 | CI39: =CE39 -> Pack | CJ39: =CF39 -> 228300 | CK39: =CH39*CJ39 -> 0 | CM39: =CI39 -> Pack | CN39: =CJ39 -> 228300 | CO39: =CL39*CN39 -> 0 | CP39: =CD39+CH39-CL39 -> 0 | CQ39: =CI39 -> Pack | CR39: =CJ39 -> 228300 | CS39: =CP39*CR39 -> 0 | CU39: =CQ39 -> Pack | CV39: =CR39 -> 228300 | CW39: =CT39*CV39 -> 0 | CY39: =CU39 -> Pack | CZ39: =CV39 -> 228300 | DA39: =CX39*CZ39 -> 0 | DB39: =CP39+CT39-CX39 -> 0 | DC39: =CU39 -> Pack | DD39: =CV39 -> 228300 | DE39: =DB39*DD39 -> 0 | DG39: =DC39 -> Pack | DH39: =DD39 -> 228300 | DI39: =DF39*DH39 -> 0 | DK39: =DG39 -> Pack | DL39: =DH39 -> 228300 | DM39: =DJ39*DL39 -> 0 | DN39: =DB39+DF39-DJ39 -> 0 | DO39: =DG39 -> Pack | DP39: =DH39 -> 228300 | DQ39: =DN39*DP39 -> 0 | DS39: =DO39 -> Pack | DT39: =DP39 -> 228300 | DU39: =DR39*DT39 -> 0 | DW39: =DS39 -> Pack | DX39: =DT39 -> 228300 | DY39: =DV39*DX39 -> 0 | DZ39: =DN39+DR39-DV39 -> 0 | EA39: =DS39 -> Pack | EB39: =DT39 -> 228300 | EC39: =DZ39*EB39 -> 0 | EE39: =EA39 -> Pack | EF39: =EB39 -> 228300 | EG39: =ED39*EF39 -> 0 | EI39: =EE39 -> Pack | EJ39: =EF39 -> 228300 | EK39: =EH39*EJ39 -> 0 | EL39: =DZ39+ED39-EH39 -> 0 | EM39: =EE39 -> Pack | EN39: =EF39 -> 228300 | EO39: =EL39*EN39 -> 0 | EQ39: =EM39 -> Pack | ER39: =EN39 -> 228300 | ES39: =EP39*ER39 -> 0 | EU39: =EQ39 -> Pack | EV39: =ER39 -> 228300 | EW39: =ET39*EV39 -> 0 | EX39: =EL39+EP39-ET39 -> 0 | EY39: =EQ39 -> Pack | EZ39: =ER39 -> 228300 | FA39: =EX39*EZ39 -> 0 | FB39: =N39+Z39+AL39 -> 0 | FC39: =AU39 -> Pack | FD39: =AV39 -> 228300 | FE39: =FB39*FD39 -> 0 | FF39: =R39+AD39+AP39 -> 1 | FG39: =FC39 -> Pack | FH39: =FD39 -> 228300 | FI39: =FF39*FH39 -> 228300 | FJ39: =J39+FB39-FF39 -> 2 | FK39: =FG39 -> Pack | FL39: =FH39 -> 228300 | FM39: =FJ39*FL39 -> 456600 | FN39: =AX39+BJ39+BV39 -> 0 | FO39: =FK39 -> Pack | FP39: =FL39 -> 228300 | FQ39: =FN39*FP39 -> 0 | FR39: =BB39+BN39+BZ39 -> 2 | FS39: =FO39 -> Pack | FT39: =FP39 -> 228300 | FU39: =FR39*FT39 -> 456600 | FV39: =FJ39+FN39-FR39 -> 0 | FW39: =FS39 -> Pack | FX39: =FT39 -> 228300 | FY39: =FV39*FX39 -> 0 | FZ39: =FB39+FN39 -> 0 | GA39: =FW39 -> Pack | GB39: =FX39 -> 228300 | GC39: =FZ39*GB39 -> 0 | GD39: =FF39+FR39 -> 3 | GE39: =GA39 -> Pack | GF39: =GB39 -> 228300 | GG39: =GD39*GF39 -> 684900 | GH39: =J39+FZ39-GD39 -> 0 | GI39: =GE39 -> Pack | GJ39: =GF39 -> 228300 | GK39: =GH39*GJ39 -> 0 | GM39: =CH39+CT39+DF39 -> 0 | GN39: =DO39 -> Pack | GO39: =DP39 -> 228300 | GP39: =GM39*GO39 -> 0 | GQ39: =CL39+CX39+DJ39 -> 0 | GR39: =GN39 -> Pack | GS39: =GO39 -> 228300 | GT39: =GQ39*GS39 -> 0 | GU39: =GH39+GM39-GQ39 -> 0 | GV39: =GR39 -> Pack | GW39: =GS39 -> 228300 | GX39: =GU39*GW39 -> 0 | GZ39: =FZ39+GM39 -> 0 | HA39: =GV39 -> Pack | HB39: =GW39 -> 228300 | HC39: =GZ39*HB39 -> 0 | HD39: =GD39+GQ39 -> 3 | HE39: =HA39 -> Pack | HF39: =HB39 -> 228300 | HG39: =HD39*HF39 -> 684900 | HH39: =J39+GZ39-HD39 -> 0 | HI39: =HE39 -> Pack | HJ39: =HF39 -> 228300 | HK39: =HH39*HJ39 -> 0 | HL39: TIDAK | HM39: =ROUNDUP(GZ39,0) -> 0 | HN39: =GZ39-HM39 -> 0 | HO39: =ROUNDUP(HB39,0) -> 228300 | HP39: =HB39-HO39 -> 0 | HQ39: =ROUNDUP(HC39,0) -> 0 | HR39: =HC39-HQ39 -> 0 | HS39: =ROUNDUP(HD39,0) -> 3 | HT39: =HD39-HS39 -> 0 | HU39: =ROUNDUP(HF39,0) -> 228300 | HV39: =HF39-HU39 -> 0 | HW39: =ROUNDUP(HG39,0) -> 684900 | HX39: =HG39-HW39 -> 0 | HY39: =ROUNDUP(HH39,0) -> 0 | HZ39: =HH39-HY39 -> 0 | IA39: =ROUNDUP(HJ39,0) -> 228300 | IB39: =HJ39-IA39 -> 0 | IC39: =ROUNDUP(HK39,0) -> 0 | ID39: =HK39-IC39 -> 0 | IF39: =ROUNDUP(DR39,0) -> 0 | IG39: =DR39-IF39 -> 0 | IH39: =ROUNDUP(DT39,0) -> 228300 | II39: =DT39-IH39 -> 0 | IJ39: =ROUNDUP(DU39,0) -> 0 | IK39: =DU39-IJ39 -> 0 | IL39: =ROUNDUP(DV39,0) -> 0 | IM39: =DV39-IL39 -> 0 | IN39: =ROUNDUP(DX39,0) -> 228300 | IO39: =DX39-IN39 -> 0 | IP39: =ROUNDUP(DY39,0) -> 0 | IQ39: =DY39-IP39 -> 0 | IR39: =ROUNDUP(DZ39,0) -> 0 | IS39: =DZ39-IR39 -> 0 | IT39: =ROUNDUP(EB39,0) -> 228300 | IU39: =EB39-IT39 -> 0 | IV39: =ROUNDUP(EC39,0) -> 0 | IW39: =EC39-IV39 -> 0 | IY39: =DR39+GZ39 -> 0 | IZ39: =DS39 -> Pack | JA39: =DT39 -> 228300 | JB39: =IY39*JA39 -> 0 | JC39: =DV39+HD39 -> 3 | JD39: =IZ39 -> Pack | JE39: =JA39 -> 228300 | JF39: =JC39*JE39 -> 684900 | JG39: =J39+IY39-JC39 -> 0 | JH39: =JD39 -> Pack | JI39: =JE39 -> 228300 | JJ39: =JG39*JI39 -> 0
B40: CABANG PENDIDIKAN WILAYAH X | C40: 5.1.02.01.01.0024 | D40: 12 | E40: Penghapus Pensil | J40: 1 | K40: Pack | L40: 5100 | M40: 5100 | O40: Pack | P40: 5100 | Q40: 0 | S40: =O40 -> Pack | T40: =P40 -> 5100 | U40: =R40*T40 -> 0 | V40: =J40+N40-R40 -> 1 | W40: =O40 -> Pack | X40: =P40 -> 5100 | Y40: =V40*X40 -> 5100 | AA40: =W40 -> Pack | AB40: =X40 -> 5100 | AC40: =Z40*AB40 -> 0 | AE40: =AA40 -> Pack | AF40: =AB40 -> 5100 | AG40: =AD40*AF40 -> 0 | AH40: =V40+Z40-AD40 -> 1 | AI40: =AA40 -> Pack | AJ40: =AB40 -> 5100 | AK40: =AH40*AJ40 -> 5100 | AM40: =AI40 -> Pack | AN40: =AJ40 -> 5100 | AQ40: =AM40 -> Pack | AR40: =AN40 -> 5100 | AS40: =AP40*AR40 -> 0 | AT40: =AH40+AL40-AP40 -> 1 | AU40: =AM40 -> Pack | AV40: =AN40 -> 5100 | AW40: =AT40*AV40 -> 5100 | AY40: =AU40 -> Pack | AZ40: =AV40 -> 5100 | BA40: =AX40*AZ40 -> 0 | BC40: =AY40 -> Pack | BD40: =AZ40 -> 5100 | BE40: =BB40*BD40 -> 0 | BF40: =AT40+AX40-BB40 -> 1 | BG40: =AY40 -> Pack | BH40: =AZ40 -> 5100 | BI40: =BF40*BH40 -> 5100 | BK40: =BG40 -> Pack | BL40: =BH40 -> 5100 | BM40: =BJ40*BL40 -> 0 | BO40: =BK40 -> Pack | BP40: =BL40 -> 5100 | BQ40: =BN40*BP40 -> 0 | BR40: =BF40+BJ40-BN40 -> 1 | BS40: =BK40 -> Pack | BT40: =BL40 -> 5100 | BU40: =BR40*BT40 -> 5100 | BW40: =BS40 -> Pack | BX40: =BT40 -> 5100 | BY40: =BV40*BX40 -> 0 | CA40: =BW40 -> Pack | CB40: =BX40 -> 5100 | CC40: =BZ40*CB40 -> 0 | CD40: =BR40+BV40-BZ40 -> 1 | CE40: =BW40 -> Pack | CF40: =BX40 -> 5100 | CG40: =CD40*CF40 -> 5100 | CI40: =CE40 -> Pack | CJ40: =CF40 -> 5100 | CK40: =CH40*CJ40 -> 0 | CL40: 1 | CM40: =CI40 -> Pack | CN40: =CJ40 -> 5100 | CO40: =CL40*CN40 -> 5100 | CP40: =CD40+CH40-CL40 -> 0 | CQ40: =CI40 -> Pack | CR40: =CJ40 -> 5100 | CS40: =CP40*CR40 -> 0 | CU40: =CQ40 -> Pack | CV40: =CR40 -> 5100 | CW40: =CT40*CV40 -> 0 | CY40: =CU40 -> Pack | CZ40: =CV40 -> 5100 | DA40: =CX40*CZ40 -> 0 | DB40: =CP40+CT40-CX40 -> 0 | DC40: =CU40 -> Pack | DD40: =CV40 -> 5100 | DE40: =DB40*DD40 -> 0 | DG40: =DC40 -> Pack | DH40: =DD40 -> 5100 | DI40: =DF40*DH40 -> 0 | DK40: =DG40 -> Pack | DL40: =DH40 -> 5100 | DM40: =DJ40*DL40 -> 0 | DN40: =DB40+DF40-DJ40 -> 0 | DO40: =DG40 -> Pack | DP40: =DH40 -> 5100 | DQ40: =DN40*DP40 -> 0 | DS40: =DO40 -> Pack | DT40: =DP40 -> 5100 | DU40: =DR40*DT40 -> 0 | DW40: =DS40 -> Pack | DX40: =DT40 -> 5100 | DY40: =DV40*DX40 -> 0 | DZ40: =DN40+DR40-DV40 -> 0 | EA40: =DS40 -> Pack | EB40: =DT40 -> 5100 | EC40: =DZ40*EB40 -> 0 | EE40: =EA40 -> Pack | EF40: =EB40 -> 5100 | EG40: =ED40*EF40 -> 0 | EI40: =EE40 -> Pack | EJ40: =EF40 -> 5100 | EK40: =EH40*EJ40 -> 0 | EL40: =DZ40+ED40-EH40 -> 0 | EM40: =EE40 -> Pack | EN40: =EF40 -> 5100 | EO40: =EL40*EN40 -> 0 | EQ40: =EM40 -> Pack | ER40: =EN40 -> 5100 | ES40: =EP40*ER40 -> 0 | EU40: =EQ40 -> Pack | EV40: =ER40 -> 5100 | EW40: =ET40*EV40 -> 0 | EX40: =EL40+EP40-ET40 -> 0 | EY40: =EQ40 -> Pack | EZ40: =ER40 -> 5100 | FA40: =EX40*EZ40 -> 0 | FB40: =N40+Z40+AL40 -> 0 | FC40: =AU40 -> Pack | FD40: =AV40 -> 5100 | FE40: =FB40*FD40 -> 0 | FF40: =R40+AD40+AP40 -> 0 | FG40: =FC40 -> Pack | FH40: =FD40 -> 5100 | FI40: =FF40*FH40 -> 0 | FJ40: =J40+FB40-FF40 -> 1 | FK40: =FG40 -> Pack | FL40: =FH40 -> 5100 | FM40: =FJ40*FL40 -> 5100 | FN40: =AX40+BJ40+BV40 -> 0 | FO40: =FK40 -> Pack | FP40: =FL40 -> 5100 | FQ40: =FN40*FP40 -> 0 | FR40: =BB40+BN40+BZ40 -> 0 | FS40: =FO40 -> Pack | FT40: =FP40 -> 5100 | FU40: =FR40*FT40 -> 0 | FV40: =FJ40+FN40-FR40 -> 1 | FW40: =FS40 -> Pack | FX40: =FT40 -> 5100 | FY40: =FV40*FX40 -> 5100 | FZ40: =FB40+FN40 -> 0 | GA40: =FW40 -> Pack | GB40: =FX40 -> 5100 | GC40: =FZ40*GB40 -> 0 | GD40: =FF40+FR40 -> 0 | GE40: =GA40 -> Pack | GF40: =GB40 -> 5100 | GG40: =GD40*GF40 -> 0 | GH40: =J40+FZ40-GD40 -> 1 | GI40: =GE40 -> Pack | GJ40: =GF40 -> 5100 | GK40: =GH40*GJ40 -> 5100 | GM40: =CH40+CT40+DF40 -> 0 | GN40: =DO40 -> Pack | GO40: =DP40 -> 5100 | GP40: =GM40*GO40 -> 0 | GQ40: =CL40+CX40+DJ40 -> 1 | GR40: =GN40 -> Pack | GS40: =GO40 -> 5100 | GT40: =GQ40*GS40 -> 5100 | GU40: =GH40+GM40-GQ40 -> 0 | GV40: =GR40 -> Pack | GW40: =GS40 -> 5100 | GX40: =GU40*GW40 -> 0 | GZ40: =FZ40+GM40 -> 0 | HA40: =GV40 -> Pack | HB40: =GW40 -> 5100 | HC40: =GZ40*HB40 -> 0 | HD40: =GD40+GQ40 -> 1 | HE40: =HA40 -> Pack | HF40: =HB40 -> 5100 | HG40: =HD40*HF40 -> 5100 | HH40: =J40+GZ40-HD40 -> 0 | HI40: =HE40 -> Pack | HJ40: =HF40 -> 5100 | HK40: =HH40*HJ40 -> 0 | HL40: TIDAK | HM40: =ROUNDUP(GZ40,0) -> 0 | HN40: =GZ40-HM40 -> 0 | HO40: =ROUNDUP(HB40,0) -> 5100 | HP40: =HB40-HO40 -> 0 | HQ40: =ROUNDUP(HC40,0) -> 0 | HR40: =HC40-HQ40 -> 0 | HS40: =ROUNDUP(HD40,0) -> 1 | HT40: =HD40-HS40 -> 0 | HU40: =ROUNDUP(HF40,0) -> 5100 | HV40: =HF40-HU40 -> 0 | HW40: =ROUNDUP(HG40,0) -> 5100 | HX40: =HG40-HW40 -> 0 | HY40: =ROUNDUP(HH40,0) -> 0 | HZ40: =HH40-HY40 -> 0 | IA40: =ROUNDUP(HJ40,0) -> 5100 | IB40: =HJ40-IA40 -> 0 | IC40: =ROUNDUP(HK40,0) -> 0 | ID40: =HK40-IC40 -> 0 | IF40: =ROUNDUP(DR40,0) -> 0 | IG40: =DR40-IF40 -> 0 | IH40: =ROUNDUP(DT40,0) -> 5100 | II40: =DT40-IH40 -> 0 | IJ40: =ROUNDUP(DU40,0) -> 0 | IK40: =DU40-IJ40 -> 0 | IL40: =ROUNDUP(DV40,0) -> 0 | IM40: =DV40-IL40 -> 0 | IN40: =ROUNDUP(DX40,0) -> 5100 | IO40: =DX40-IN40 -> 0 | IP40: =ROUNDUP(DY40,0) -> 0 | IQ40: =DY40-IP40 -> 0 | IR40: =ROUNDUP(DZ40,0) -> 0 | IS40: =DZ40-IR40 -> 0 | IT40: =ROUNDUP(EB40,0) -> 5100 | IU40: =EB40-IT40 -> 0 | IV40: =ROUNDUP(EC40,0) -> 0 | IW40: =EC40-IV40 -> 0 | IY40: =DR40+GZ40 -> 0 | IZ40: =DS40 -> Pack | JA40: =DT40 -> 5100 | JB40: =IY40*JA40 -> 0 | JC40: =DV40+HD40 -> 1 | JD40: =IZ40 -> Pack | JE40: =JA40 -> 5100 | JF40: =JC40*JE40 -> 5100 | JG40: =J40+IY40-JC40 -> 0 | JH40: =JD40 -> Pack | JI40: =JE40 -> 5100 | JJ40: =JG40*JI40 -> 0
B41: CABANG PENDIDIKAN WILAYAH X | C41: 5.1.02.01.01.0024 | D41: 13 | E41: Pensil 2B | J41: 1 | K41: Pack | L41: 59700 | M41: 59700 | O41: Pack | P41: 59700 | Q41: 0 | S41: =O41 -> Pack | T41: =P41 -> 59700 | U41: =R41*T41 -> 0 | V41: =J41+N41-R41 -> 1 | W41: =O41 -> Pack | X41: =P41 -> 59700 | Y41: =V41*X41 -> 59700 | AA41: =W41 -> Pack | AB41: =X41 -> 59700 | AC41: =Z41*AB41 -> 0 | AE41: =AA41 -> Pack | AF41: =AB41 -> 59700 | AG41: =AD41*AF41 -> 0 | AH41: =V41+Z41-AD41 -> 1 | AI41: =AA41 -> Pack | AJ41: =AB41 -> 59700 | AK41: =AH41*AJ41 -> 59700 | AM41: =AI41 -> Pack | AN41: =AJ41 -> 59700 | AQ41: =AM41 -> Pack | AR41: =AN41 -> 59700 | AS41: =AP41*AR41 -> 0 | AT41: =AH41+AL41-AP41 -> 1 | AU41: =AM41 -> Pack | AV41: =AN41 -> 59700 | AW41: =AT41*AV41 -> 59700 | AY41: =AU41 -> Pack | AZ41: =AV41 -> 59700 | BA41: =AX41*AZ41 -> 0 | BB41: 1 | BC41: =AY41 -> Pack | BD41: =AZ41 -> 59700 | BE41: =BB41*BD41 -> 59700 | BF41: =AT41+AX41-BB41 -> 0 | BG41: =AY41 -> Pack | BH41: =AZ41 -> 59700 | BI41: =BF41*BH41 -> 0 | BK41: =BG41 -> Pack | BL41: =BH41 -> 59700 | BM41: =BJ41*BL41 -> 0 | BO41: =BK41 -> Pack | BP41: =BL41 -> 59700 | BQ41: =BN41*BP41 -> 0 | BR41: =BF41+BJ41-BN41 -> 0 | BS41: =BK41 -> Pack | BT41: =BL41 -> 59700 | BU41: =BR41*BT41 -> 0 | BW41: =BS41 -> Pack | BX41: =BT41 -> 59700 | BY41: =BV41*BX41 -> 0 | CA41: =BW41 -> Pack | CB41: =BX41 -> 59700 | CC41: =BZ41*CB41 -> 0 | CD41: =BR41+BV41-BZ41 -> 0 | CE41: =BW41 -> Pack | CF41: =BX41 -> 59700 | CG41: =CD41*CF41 -> 0 | CI41: =CE41 -> Pack | CJ41: =CF41 -> 59700 | CK41: =CH41*CJ41 -> 0 | CM41: =CI41 -> Pack | CN41: =CJ41 -> 59700 | CO41: =CL41*CN41 -> 0 | CP41: =CD41+CH41-CL41 -> 0 | CQ41: =CI41 -> Pack | CR41: =CJ41 -> 59700 | CS41: =CP41*CR41 -> 0 | CU41: =CQ41 -> Pack | CV41: =CR41 -> 59700 | CW41: =CT41*CV41 -> 0 | CY41: =CU41 -> Pack | CZ41: =CV41 -> 59700 | DA41: =CX41*CZ41 -> 0 | DB41: =CP41+CT41-CX41 -> 0 | DC41: =CU41 -> Pack | DD41: =CV41 -> 59700 | DE41: =DB41*DD41 -> 0 | DG41: =DC41 -> Pack | DH41: =DD41 -> 59700 | DI41: =DF41*DH41 -> 0 | DK41: =DG41 -> Pack | DL41: =DH41 -> 59700 | DM41: =DJ41*DL41 -> 0 | DN41: =DB41+DF41-DJ41 -> 0 | DO41: =DG41 -> Pack | DP41: =DH41 -> 59700 | DQ41: =DN41*DP41 -> 0 | DS41: =DO41 -> Pack | DT41: =DP41 -> 59700 | DU41: =DR41*DT41 -> 0 | DW41: =DS41 -> Pack | DX41: =DT41 -> 59700 | DY41: =DV41*DX41 -> 0 | DZ41: =DN41+DR41-DV41 -> 0 | EA41: =DS41 -> Pack | EB41: =DT41 -> 59700 | EC41: =DZ41*EB41 -> 0 | EE41: =EA41 -> Pack | EF41: =EB41 -> 59700 | EG41: =ED41*EF41 -> 0 | EI41: =EE41 -> Pack | EJ41: =EF41 -> 59700 | EK41: =EH41*EJ41 -> 0 | EL41: =DZ41+ED41-EH41 -> 0 | EM41: =EE41 -> Pack | EN41: =EF41 -> 59700 | EO41: =EL41*EN41 -> 0 | EQ41: =EM41 -> Pack | ER41: =EN41 -> 59700 | ES41: =EP41*ER41 -> 0 | EU41: =EQ41 -> Pack | EV41: =ER41 -> 59700 | EW41: =ET41*EV41 -> 0 | EX41: =EL41+EP41-ET41 -> 0 | EY41: =EQ41 -> Pack | EZ41: =ER41 -> 59700 | FA41: =EX41*EZ41 -> 0 | FB41: =N41+Z41+AL41 -> 0 | FC41: =AU41 -> Pack | FD41: =AV41 -> 59700 | FE41: =FB41*FD41 -> 0 | FF41: =R41+AD41+AP41 -> 0 | FG41: =FC41 -> Pack | FH41: =FD41 -> 59700 | FI41: =FF41*FH41 -> 0 | FJ41: =J41+FB41-FF41 -> 1 | FK41: =FG41 -> Pack | FL41: =FH41 -> 59700 | FM41: =FJ41*FL41 -> 59700 | FN41: =AX41+BJ41+BV41 -> 0 | FO41: =FK41 -> Pack | FP41: =FL41 -> 59700 | FQ41: =FN41*FP41 -> 0 | FR41: =BB41+BN41+BZ41 -> 1 | FS41: =FO41 -> Pack | FT41: =FP41 -> 59700 | FU41: =FR41*FT41 -> 59700 | FV41: =FJ41+FN41-FR41 -> 0 | FW41: =FS41 -> Pack | FX41: =FT41 -> 59700 | FY41: =FV41*FX41 -> 0 | FZ41: =FB41+FN41 -> 0 | GA41: =FW41 -> Pack | GB41: =FX41 -> 59700 | GC41: =FZ41*GB41 -> 0 | GD41: =FF41+FR41 -> 1 | GE41: =GA41 -> Pack | GF41: =GB41 -> 59700 | GG41: =GD41*GF41 -> 59700 | GH41: =J41+FZ41-GD41 -> 0 | GI41: =GE41 -> Pack | GJ41: =GF41 -> 59700 | GK41: =GH41*GJ41 -> 0 | GM41: =CH41+CT41+DF41 -> 0 | GN41: =DO41 -> Pack | GO41: =DP41 -> 59700 | GP41: =GM41*GO41 -> 0 | GQ41: =CL41+CX41+DJ41 -> 0 | GR41: =GN41 -> Pack | GS41: =GO41 -> 59700 | GT41: =GQ41*GS41 -> 0 | GU41: =GH41+GM41-GQ41 -> 0 | GV41: =GR41 -> Pack | GW41: =GS41 -> 59700 | GX41: =GU41*GW41 -> 0 | GZ41: =FZ41+GM41 -> 0 | HA41: =GV41 -> Pack | HB41: =GW41 -> 59700 | HC41: =GZ41*HB41 -> 0 | HD41: =GD41+GQ41 -> 1 | HE41: =HA41 -> Pack | HF41: =HB41 -> 59700 | HG41: =HD41*HF41 -> 59700 | HH41: =J41+GZ41-HD41 -> 0 | HI41: =HE41 -> Pack | HJ41: =HF41 -> 59700 | HK41: =HH41*HJ41 -> 0 | HL41: TIDAK | HM41: =ROUNDUP(GZ41,0) -> 0 | HN41: =GZ41-HM41 -> 0 | HO41: =ROUNDUP(HB41,0) -> 59700 | HP41: =HB41-HO41 -> 0 | HQ41: =ROUNDUP(HC41,0) -> 0 | HR41: =HC41-HQ41 -> 0 | HS41: =ROUNDUP(HD41,0) -> 1 | HT41: =HD41-HS41 -> 0 | HU41: =ROUNDUP(HF41,0) -> 59700 | HV41: =HF41-HU41 -> 0 | HW41: =ROUNDUP(HG41,0) -> 59700 | HX41: =HG41-HW41 -> 0 | HY41: =ROUNDUP(HH41,0) -> 0 | HZ41: =HH41-HY41 -> 0 | IA41: =ROUNDUP(HJ41,0) -> 59700 | IB41: =HJ41-IA41 -> 0 | IC41: =ROUNDUP(HK41,0) -> 0 | ID41: =HK41-IC41 -> 0 | IF41: =ROUNDUP(DR41,0) -> 0 | IG41: =DR41-IF41 -> 0 | IH41: =ROUNDUP(DT41,0) -> 59700 | II41: =DT41-IH41 -> 0 | IJ41: =ROUNDUP(DU41,0) -> 0 | IK41: =DU41-IJ41 -> 0 | IL41: =ROUNDUP(DV41,0) -> 0 | IM41: =DV41-IL41 -> 0 | IN41: =ROUNDUP(DX41,0) -> 59700 | IO41: =DX41-IN41 -> 0 | IP41: =ROUNDUP(DY41,0) -> 0 | IQ41: =DY41-IP41 -> 0 | IR41: =ROUNDUP(DZ41,0) -> 0 | IS41: =DZ41-IR41 -> 0 | IT41: =ROUNDUP(EB41,0) -> 59700 | IU41: =EB41-IT41 -> 0 | IV41: =ROUNDUP(EC41,0) -> 0 | IW41: =EC41-IV41 -> 0 | IY41: =DR41+GZ41 -> 0 | IZ41: =DS41 -> Pack | JA41: =DT41 -> 59700 | JB41: =IY41*JA41 -> 0 | JC41: =DV41+HD41 -> 1 | JD41: =IZ41 -> Pack | JE41: =JA41 -> 59700 | JF41: =JC41*JE41 -> 59700 | JG41: =J41+IY41-JC41 -> 0 | JH41: =JD41 -> Pack | JI41: =JE41 -> 59700 | JJ41: =JG41*JI41 -> 0
B42: CABANG PENDIDIKAN WILAYAH X | C42: 5.1.02.01.01.0024 | D42: 14 | E42: Post It Plastik | J42: 56 | K42: Pack | L42: 8400 | M42: 470400 | O42: Pack | P42: 8400 | Q42: 0 | R42: 18 | S42: =O42 -> Pack | T42: =P42 -> 8400 | U42: =R42*T42 -> 151200 | V42: =J42+N42-R42 -> 38 | W42: =O42 -> Pack | X42: =P42 -> 8400 | Y42: =V42*X42 -> 319200 | AA42: =W42 -> Pack | AB42: =X42 -> 8400 | AC42: =Z42*AB42 -> 0 | AD42: 4 | AE42: =AA42 -> Pack | AF42: =AB42 -> 8400 | AG42: =AD42*AF42 -> 33600 | AH42: =V42+Z42-AD42 -> 34 | AI42: =AA42 -> Pack | AJ42: =AB42 -> 8400 | AK42: =AH42*AJ42 -> 285600 | AM42: =AI42 -> Pack | AN42: =AJ42 -> 8400 | AP42: 3 | AQ42: =AM42 -> Pack | AR42: =AN42 -> 8400 | AS42: =AP42*AR42 -> 25200 | AT42: =AH42+AL42-AP42 -> 31 | AU42: =AM42 -> Pack | AV42: =AN42 -> 8400 | AW42: =AT42*AV42 -> 260400 | AY42: =AU42 -> Pack | AZ42: =AV42 -> 8400 | BA42: =AX42*AZ42 -> 0 | BB42: 1 | BC42: =AY42 -> Pack | BD42: =AZ42 -> 8400 | BE42: =BB42*BD42 -> 8400 | BF42: =AT42+AX42-BB42 -> 30 | BG42: =AY42 -> Pack | BH42: =AZ42 -> 8400 | BI42: =BF42*BH42 -> 252000 | BK42: =BG42 -> Pack | BL42: =BH42 -> 8400 | BM42: =BJ42*BL42 -> 0 | BN42: 1 | BO42: =BK42 -> Pack | BP42: =BL42 -> 8400 | BQ42: =BN42*BP42 -> 8400 | BR42: =BF42+BJ42-BN42 -> 29 | BS42: =BK42 -> Pack | BT42: =BL42 -> 8400 | BU42: =BR42*BT42 -> 243600 | BW42: =BS42 -> Pack | BX42: =BT42 -> 8400 | BY42: =BV42*BX42 -> 0 | BZ42: 1 | CA42: =BW42 -> Pack | CB42: =BX42 -> 8400 | CC42: =BZ42*CB42 -> 8400 | CD42: =BR42+BV42-BZ42 -> 28 | CE42: =BW42 -> Pack | CF42: =BX42 -> 8400 | CG42: =CD42*CF42 -> 235200 | CI42: =CE42 -> Pack | CJ42: =CF42 -> 8400 | CK42: =CH42*CJ42 -> 0 | CL42: 8 | CM42: =CI42 -> Pack | CN42: =CJ42 -> 8400 | CO42: =CL42*CN42 -> 67200 | CP42: =CD42+CH42-CL42 -> 20 | CQ42: =CI42 -> Pack | CR42: =CJ42 -> 8400 | CS42: =CP42*CR42 -> 168000 | CU42: =CQ42 -> Pack | CV42: =CR42 -> 8400 | CW42: =CT42*CV42 -> 0 | CX42: 10 | CY42: =CU42 -> Pack | CZ42: =CV42 -> 8400 | DA42: =CX42*CZ42 -> 84000 | DB42: =CP42+CT42-CX42 -> 10 | DC42: =CU42 -> Pack | DD42: =CV42 -> 8400 | DE42: =DB42*DD42 -> 84000 | DG42: =DC42 -> Pack | DH42: =DD42 -> 8400 | DI42: =DF42*DH42 -> 0 | DK42: =DG42 -> Pack | DL42: =DH42 -> 8400 | DM42: =DJ42*DL42 -> 0 | DN42: =DB42+DF42-DJ42 -> 10 | DO42: =DG42 -> Pack | DP42: =DH42 -> 8400 | DQ42: =DN42*DP42 -> 84000 | DS42: =DO42 -> Pack | DT42: =DP42 -> 8400 | DU42: =DR42*DT42 -> 0 | DV42: 5 | DW42: =DS42 -> Pack | DX42: =DT42 -> 8400 | DY42: =DV42*DX42 -> 42000 | DZ42: =DN42+DR42-DV42 -> 5 | EA42: =DS42 -> Pack | EB42: =DT42 -> 8400 | EC42: =DZ42*EB42 -> 42000 | EE42: =EA42 -> Pack | EF42: =EB42 -> 8400 | EG42: =ED42*EF42 -> 0 | EI42: =EE42 -> Pack | EJ42: =EF42 -> 8400 | EK42: =EH42*EJ42 -> 0 | EL42: =DZ42+ED42-EH42 -> 5 | EM42: =EE42 -> Pack | EN42: =EF42 -> 8400 | EO42: =EL42*EN42 -> 42000 | EQ42: =EM42 -> Pack | ER42: =EN42 -> 8400 | ES42: =EP42*ER42 -> 0 | EU42: =EQ42 -> Pack | EV42: =ER42 -> 8400 | EW42: =ET42*EV42 -> 0 | EX42: =EL42+EP42-ET42 -> 5 | EY42: =EQ42 -> Pack | EZ42: =ER42 -> 8400 | FA42: =EX42*EZ42 -> 42000 | FB42: =N42+Z42+AL42 -> 0 | FC42: =AU42 -> Pack | FD42: =AV42 -> 8400 | FE42: =FB42*FD42 -> 0 | FF42: =R42+AD42+AP42 -> 25 | FG42: =FC42 -> Pack | FH42: =FD42 -> 8400 | FI42: =FF42*FH42 -> 210000 | FJ42: =J42+FB42-FF42 -> 31 | FK42: =FG42 -> Pack | FL42: =FH42 -> 8400 | FM42: =FJ42*FL42 -> 260400 | FN42: =AX42+BJ42+BV42 -> 0 | FO42: =FK42 -> Pack | FP42: =FL42 -> 8400 | FQ42: =FN42*FP42 -> 0 | FR42: =BB42+BN42+BZ42 -> 3 | FS42: =FO42 -> Pack | FT42: =FP42 -> 8400 | FU42: =FR42*FT42 -> 25200 | FV42: =FJ42+FN42-FR42 -> 28 | FW42: =FS42 -> Pack | FX42: =FT42 -> 8400 | FY42: =FV42*FX42 -> 235200 | FZ42: =FB42+FN42 -> 0 | GA42: =FW42 -> Pack | GB42: =FX42 -> 8400 | GC42: =FZ42*GB42 -> 0 | GD42: =FF42+FR42 -> 28 | GE42: =GA42 -> Pack | GF42: =GB42 -> 8400 | GG42: =GD42*GF42 -> 235200 | GH42: =J42+FZ42-GD42 -> 28 | GI42: =GE42 -> Pack | GJ42: =GF42 -> 8400 | GK42: =GH42*GJ42 -> 235200 | GM42: =CH42+CT42+DF42 -> 0 | GN42: =DO42 -> Pack | GO42: =DP42 -> 8400 | GP42: =GM42*GO42 -> 0 | GQ42: =CL42+CX42+DJ42 -> 18 | GR42: =GN42 -> Pack | GS42: =GO42 -> 8400 | GT42: =GQ42*GS42 -> 151200 | GU42: =GH42+GM42-GQ42 -> 10 | GV42: =GR42 -> Pack | GW42: =GS42 -> 8400 | GX42: =GU42*GW42 -> 84000 | GZ42: =FZ42+GM42 -> 0 | HA42: =GV42 -> Pack | HB42: =GW42 -> 8400 | HC42: =GZ42*HB42 -> 0 | HD42: =GD42+GQ42 -> 46 | HE42: =HA42 -> Pack | HF42: =HB42 -> 8400 | HG42: =HD42*HF42 -> 386400 | HH42: =J42+GZ42-HD42 -> 10 | HI42: =HE42 -> Pack | HJ42: =HF42 -> 8400 | HK42: =HH42*HJ42 -> 84000 | HL42: TIDAK | HM42: =ROUNDUP(GZ42,0) -> 0 | HN42: =GZ42-HM42 -> 0 | HO42: =ROUNDUP(HB42,0) -> 8400 | HP42: =HB42-HO42 -> 0 | HQ42: =ROUNDUP(HC42,0) -> 0 | HR42: =HC42-HQ42 -> 0 | HS42: =ROUNDUP(HD42,0) -> 46 | HT42: =HD42-HS42 -> 0 | HU42: =ROUNDUP(HF42,0) -> 8400 | HV42: =HF42-HU42 -> 0 | HW42: =ROUNDUP(HG42,0) -> 386400 | HX42: =HG42-HW42 -> 0 | HY42: =ROUNDUP(HH42,0) -> 10 | HZ42: =HH42-HY42 -> 0 | IA42: =ROUNDUP(HJ42,0) -> 8400 | IB42: =HJ42-IA42 -> 0 | IC42: =ROUNDUP(HK42,0) -> 84000 | ID42: =HK42-IC42 -> 0 | IF42: =ROUNDUP(DR42,0) -> 0 | IG42: =DR42-IF42 -> 0 | IH42: =ROUNDUP(DT42,0) -> 8400 | II42: =DT42-IH42 -> 0 | IJ42: =ROUNDUP(DU42,0) -> 0 | IK42: =DU42-IJ42 -> 0 | IL42: =ROUNDUP(DV42,0) -> 5 | IM42: =DV42-IL42 -> 0 | IN42: =ROUNDUP(DX42,0) -> 8400 | IO42: =DX42-IN42 -> 0 | IP42: =ROUNDUP(DY42,0) -> 42000 | IQ42: =DY42-IP42 -> 0 | IR42: =ROUNDUP(DZ42,0) -> 5 | IS42: =DZ42-IR42 -> 0 | IT42: =ROUNDUP(EB42,0) -> 8400 | IU42: =EB42-IT42 -> 0 | IV42: =ROUNDUP(EC42,0) -> 42000 | IW42: =EC42-IV42 -> 0 | IY42: =DR42+GZ42 -> 0 | IZ42: =DS42 -> Pack | JA42: =DT42 -> 8400 | JB42: =IY42*JA42 -> 0 | JC42: =DV42+HD42 -> 51 | JD42: =IZ42 -> Pack | JE42: =JA42 -> 8400 | JF42: =JC42*JE42 -> 428400 | JG42: =J42+IY42-JC42 -> 5 | JH42: =JD42 -> Pack | JI42: =JE42 -> 8400 | JJ42: =JG42*JI42 -> 42000
B43: CABANG PENDIDIKAN WILAYAH X | C43: 5.1.02.01.01.0024 | D43: 15 | E43: Spidol White Board Permanen | J43: 18 | K43: Buah | L43: 10200 | M43: 183600 | O43: Buah | P43: 10200 | Q43: 0 | R43: 5 | S43: =O43 -> Buah | T43: =P43 -> 10200 | U43: =R43*T43 -> 51000 | V43: =J43+N43-R43 -> 13 | W43: =O43 -> Buah | X43: =P43 -> 10200 | Y43: =V43*X43 -> 132600 | AA43: =W43 -> Buah | AB43: =X43 -> 10200 | AC43: =Z43*AB43 -> 0 | AE43: =AA43 -> Buah | AF43: =AB43 -> 10200 | AG43: =AD43*AF43 -> 0 | AH43: =V43+Z43-AD43 -> 13 | AI43: =AA43 -> Buah | AJ43: =AB43 -> 10200 | AK43: =AH43*AJ43 -> 132600 | AM43: =AI43 -> Buah | AN43: =AJ43 -> 10200 | AP43: 2 | AQ43: =AM43 -> Buah | AR43: =AN43 -> 10200 | AS43: =AP43*AR43 -> 20400 | AT43: =AH43+AL43-AP43 -> 11 | AU43: =AM43 -> Buah | AV43: =AN43 -> 10200 | AW43: =AT43*AV43 -> 112200 | AY43: =AU43 -> Buah | AZ43: =AV43 -> 10200 | BA43: =AX43*AZ43 -> 0 | BC43: =AY43 -> Buah | BD43: =AZ43 -> 10200 | BE43: =BB43*BD43 -> 0 | BF43: =AT43+AX43-BB43 -> 11 | BG43: =AY43 -> Buah | BH43: =AZ43 -> 10200 | BI43: =BF43*BH43 -> 112200 | BK43: =BG43 -> Buah | BL43: =BH43 -> 10200 | BM43: =BJ43*BL43 -> 0 | BO43: =BK43 -> Buah | BP43: =BL43 -> 10200 | BQ43: =BN43*BP43 -> 0 | BR43: =BF43+BJ43-BN43 -> 11 | BS43: =BK43 -> Buah | BT43: =BL43 -> 10200 | BU43: =BR43*BT43 -> 112200 | BW43: =BS43 -> Buah | BX43: =BT43 -> 10200 | BY43: =BV43*BX43 -> 0 | CA43: =BW43 -> Buah | CB43: =BX43 -> 10200 | CC43: =BZ43*CB43 -> 0 | CD43: =BR43+BV43-BZ43 -> 11 | CE43: =BW43 -> Buah | CF43: =BX43 -> 10200 | CG43: =CD43*CF43 -> 112200 | CI43: =CE43 -> Buah | CJ43: =CF43 -> 10200 | CK43: =CH43*CJ43 -> 0 | CL43: 1 | CM43: =CI43 -> Buah | CN43: =CJ43 -> 10200 | CO43: =CL43*CN43 -> 10200 | CP43: =CD43+CH43-CL43 -> 10 | CQ43: =CI43 -> Buah | CR43: =CJ43 -> 10200 | CS43: =CP43*CR43 -> 102000 | CU43: =CQ43 -> Buah | CV43: =CR43 -> 10200 | CW43: =CT43*CV43 -> 0 | CY43: =CU43 -> Buah | CZ43: =CV43 -> 10200 | DA43: =CX43*CZ43 -> 0 | DB43: =CP43+CT43-CX43 -> 10 | DC43: =CU43 -> Buah | DD43: =CV43 -> 10200 | DE43: =DB43*DD43 -> 102000 | DG43: =DC43 -> Buah | DH43: =DD43 -> 10200 | DI43: =DF43*DH43 -> 0 | DK43: =DG43 -> Buah | DL43: =DH43 -> 10200 | DM43: =DJ43*DL43 -> 0 | DN43: =DB43+DF43-DJ43 -> 10 | DO43: =DG43 -> Buah | DP43: =DH43 -> 10200 | DQ43: =DN43*DP43 -> 102000 | DS43: =DO43 -> Buah | DT43: =DP43 -> 10200 | DU43: =DR43*DT43 -> 0 | DV43: 1 | DW43: =DS43 -> Buah | DX43: =DT43 -> 10200 | DY43: =DV43*DX43 -> 10200 | DZ43: =DN43+DR43-DV43 -> 9 | EA43: =DS43 -> Buah | EB43: =DT43 -> 10200 | EC43: =DZ43*EB43 -> 91800 | EE43: =EA43 -> Buah | EF43: =EB43 -> 10200 | EG43: =ED43*EF43 -> 0 | EH43: 1 | EI43: =EE43 -> Buah | EJ43: =EF43 -> 10200 | EK43: =EH43*EJ43 -> 10200 | EL43: =DZ43+ED43-EH43 -> 8 | EM43: =EE43 -> Buah | EN43: =EF43 -> 10200 | EO43: =EL43*EN43 -> 81600 | EQ43: =EM43 -> Buah | ER43: =EN43 -> 10200 | ES43: =EP43*ER43 -> 0 | EU43: =EQ43 -> Buah | EV43: =ER43 -> 10200 | EW43: =ET43*EV43 -> 0 | EX43: =EL43+EP43-ET43 -> 8 | EY43: =EQ43 -> Buah | EZ43: =ER43 -> 10200 | FA43: =EX43*EZ43 -> 81600 | FB43: =N43+Z43+AL43 -> 0 | FC43: =AU43 -> Buah | FD43: =AV43 -> 10200 | FE43: =FB43*FD43 -> 0 | FF43: =R43+AD43+AP43 -> 7 | FG43: =FC43 -> Buah | FH43: =FD43 -> 10200 | FI43: =FF43*FH43 -> 71400 | FJ43: =J43+FB43-FF43 -> 11 | FK43: =FG43 -> Buah | FL43: =FH43 -> 10200 | FM43: =FJ43*FL43 -> 112200 | FN43: =AX43+BJ43+BV43 -> 0 | FO43: =FK43 -> Buah | FP43: =FL43 -> 10200 | FQ43: =FN43*FP43 -> 0 | FR43: =BB43+BN43+BZ43 -> 0 | FS43: =FO43 -> Buah | FT43: =FP43 -> 10200 | FU43: =FR43*FT43 -> 0 | FV43: =FJ43+FN43-FR43 -> 11 | FW43: =FS43 -> Buah | FX43: =FT43 -> 10200 | FY43: =FV43*FX43 -> 112200 | FZ43: =FB43+FN43 -> 0 | GA43: =FW43 -> Buah | GB43: =FX43 -> 10200 | GC43: =FZ43*GB43 -> 0 | GD43: =FF43+FR43 -> 7 | GE43: =GA43 -> Buah | GF43: =GB43 -> 10200 | GG43: =GD43*GF43 -> 71400 | GH43: =J43+FZ43-GD43 -> 11 | GI43: =GE43 -> Buah | GJ43: =GF43 -> 10200 | GK43: =GH43*GJ43 -> 112200 | GM43: =CH43+CT43+DF43 -> 0 | GN43: =DO43 -> Buah | GO43: =DP43 -> 10200 | GP43: =GM43*GO43 -> 0 | GQ43: =CL43+CX43+DJ43 -> 1 | GR43: =GN43 -> Buah | GS43: =GO43 -> 10200 | GT43: =GQ43*GS43 -> 10200 | GU43: =GH43+GM43-GQ43 -> 10 | GV43: =GR43 -> Buah | GW43: =GS43 -> 10200 | GX43: =GU43*GW43 -> 102000 | GZ43: =FZ43+GM43 -> 0 | HA43: =GV43 -> Buah | HB43: =GW43 -> 10200 | HC43: =GZ43*HB43 -> 0 | HD43: =GD43+GQ43 -> 8 | HE43: =HA43 -> Buah | HF43: =HB43 -> 10200 | HG43: =HD43*HF43 -> 81600 | HH43: =J43+GZ43-HD43 -> 10 | HI43: =HE43 -> Buah | HJ43: =HF43 -> 10200 | HK43: =HH43*HJ43 -> 102000 | HL43: TIDAK | HM43: =ROUNDUP(GZ43,0) -> 0 | HN43: =GZ43-HM43 -> 0 | HO43: =ROUNDUP(HB43,0) -> 10200 | HP43: =HB43-HO43 -> 0 | HQ43: =ROUNDUP(HC43,0) -> 0 | HR43: =HC43-HQ43 -> 0 | HS43: =ROUNDUP(HD43,0) -> 8 | HT43: =HD43-HS43 -> 0 | HU43: =ROUNDUP(HF43,0) -> 10200 | HV43: =HF43-HU43 -> 0 | HW43: =ROUNDUP(HG43,0) -> 81600 | HX43: =HG43-HW43 -> 0 | HY43: =ROUNDUP(HH43,0) -> 10 | HZ43: =HH43-HY43 -> 0 | IA43: =ROUNDUP(HJ43,0) -> 10200 | IB43: =HJ43-IA43 -> 0 | IC43: =ROUNDUP(HK43,0) -> 102000 | ID43: =HK43-IC43 -> 0 | IF43: =ROUNDUP(DR43,0) -> 0 | IG43: =DR43-IF43 -> 0 | IH43: =ROUNDUP(DT43,0) -> 10200 | II43: =DT43-IH43 -> 0 | IJ43: =ROUNDUP(DU43,0) -> 0 | IK43: =DU43-IJ43 -> 0 | IL43: =ROUNDUP(DV43,0) -> 1 | IM43: =DV43-IL43 -> 0 | IN43: =ROUNDUP(DX43,0) -> 10200 | IO43: =DX43-IN43 -> 0 | IP43: =ROUNDUP(DY43,0) -> 10200 | IQ43: =DY43-IP43 -> 0 | IR43: =ROUNDUP(DZ43,0) -> 9 | IS43: =DZ43-IR43 -> 0 | IT43: =ROUNDUP(EB43,0) -> 10200 | IU43: =EB43-IT43 -> 0 | IV43: =ROUNDUP(EC43,0) -> 91800 | IW43: =EC43-IV43 -> 0 | IY43: =DR43+GZ43 -> 0 | IZ43: =DS43 -> Buah | JA43: =DT43 -> 10200 | JB43: =IY43*JA43 -> 0 | JC43: =DV43+HD43 -> 9 | JD43: =IZ43 -> Buah | JE43: =JA43 -> 10200 | JF43: =JC43*JE43 -> 91800 | JG43: =J43+IY43-JC43 -> 9 | JH43: =JD43 -> Buah | JI43: =JE43 -> 10200 | JJ43: =JG43*JI43 -> 91800
B44: CABANG PENDIDIKAN WILAYAH X | C44: 5.1.02.01.01.0024 | D44: 16 | E44: Tipe-X | J44: 1 | K44: Pack | L44: 39300 | M44: 39300 | O44: Pack | P44: 39300 | Q44: 0 | S44: =O44 -> Pack | T44: =P44 -> 39300 | U44: =R44*T44 -> 0 | V44: =J44+N44-R44 -> 1 | W44: =O44 -> Pack | X44: =P44 -> 39300 | Y44: =V44*X44 -> 39300 | AA44: =W44 -> Pack | AB44: =X44 -> 39300 | AC44: =Z44*AB44 -> 0 | AE44: =AA44 -> Pack | AF44: =AB44 -> 39300 | AG44: =AD44*AF44 -> 0 | AH44: =V44+Z44-AD44 -> 1 | AI44: =AA44 -> Pack | AJ44: =AB44 -> 39300 | AK44: =AH44*AJ44 -> 39300 | AM44: =AI44 -> Pack | AN44: =AJ44 -> 39300 | AQ44: =AM44 -> Pack | AR44: =AN44 -> 39300 | AS44: =AP44*AR44 -> 0 | AT44: =AH44+AL44-AP44 -> 1 | AU44: =AM44 -> Pack | AV44: =AN44 -> 39300 | AW44: =AT44*AV44 -> 39300 | AY44: =AU44 -> Pack | AZ44: =AV44 -> 39300 | BA44: =AX44*AZ44 -> 0 | BC44: =AY44 -> Pack | BD44: =AZ44 -> 39300 | BE44: =BB44*BD44 -> 0 | BF44: =AT44+AX44-BB44 -> 1 | BG44: =AY44 -> Pack | BH44: =AZ44 -> 39300 | BI44: =BF44*BH44 -> 39300 | BK44: =BG44 -> Pack | BL44: =BH44 -> 39300 | BM44: =BJ44*BL44 -> 0 | BO44: =BK44 -> Pack | BP44: =BL44 -> 39300 | BQ44: =BN44*BP44 -> 0 | BR44: =BF44+BJ44-BN44 -> 1 | BS44: =BK44 -> Pack | BT44: =BL44 -> 39300 | BU44: =BR44*BT44 -> 39300 | BW44: =BS44 -> Pack | BX44: =BT44 -> 39300 | BY44: =BV44*BX44 -> 0 | CA44: =BW44 -> Pack | CB44: =BX44 -> 39300 | CC44: =BZ44*CB44 -> 0 | CD44: =BR44+BV44-BZ44 -> 1 | CE44: =BW44 -> Pack | CF44: =BX44 -> 39300 | CG44: =CD44*CF44 -> 39300 | CI44: =CE44 -> Pack | CJ44: =CF44 -> 39300 | CK44: =CH44*CJ44 -> 0 | CM44: =CI44 -> Pack | CN44: =CJ44 -> 39300 | CO44: =CL44*CN44 -> 0 | CP44: =CD44+CH44-CL44 -> 1 | CQ44: =CI44 -> Pack | CR44: =CJ44 -> 39300 | CS44: =CP44*CR44 -> 39300 | CU44: =CQ44 -> Pack | CV44: =CR44 -> 39300 | CW44: =CT44*CV44 -> 0 | CY44: =CU44 -> Pack | CZ44: =CV44 -> 39300 | DA44: =CX44*CZ44 -> 0 | DB44: =CP44+CT44-CX44 -> 1 | DC44: =CU44 -> Pack | DD44: =CV44 -> 39300 | DE44: =DB44*DD44 -> 39300 | DG44: =DC44 -> Pack | DH44: =DD44 -> 39300 | DI44: =DF44*DH44 -> 0 | DK44: =DG44 -> Pack | DL44: =DH44 -> 39300 | DM44: =DJ44*DL44 -> 0 | DN44: =DB44+DF44-DJ44 -> 1 | DO44: =DG44 -> Pack | DP44: =DH44 -> 39300 | DQ44: =DN44*DP44 -> 39300 | DS44: =DO44 -> Pack | DT44: =DP44 -> 39300 | DU44: =DR44*DT44 -> 0 | DW44: =DS44 -> Pack | DX44: =DT44 -> 39300 | DY44: =DV44*DX44 -> 0 | DZ44: =DN44+DR44-DV44 -> 1 | EA44: =DS44 -> Pack | EB44: =DT44 -> 39300 | EC44: =DZ44*EB44 -> 39300 | EE44: =EA44 -> Pack | EF44: =EB44 -> 39300 | EG44: =ED44*EF44 -> 0 | EH44: 1 | EI44: =EE44 -> Pack | EJ44: =EF44 -> 39300 | EK44: =EH44*EJ44 -> 39300 | EL44: =DZ44+ED44-EH44 -> 0 | EM44: =EE44 -> Pack | EN44: =EF44 -> 39300 | EO44: =EL44*EN44 -> 0 | EQ44: =EM44 -> Pack | ER44: =EN44 -> 39300 | ES44: =EP44*ER44 -> 0 | EU44: =EQ44 -> Pack | EV44: =ER44 -> 39300 | EW44: =ET44*EV44 -> 0 | EX44: =EL44+EP44-ET44 -> 0 | EY44: =EQ44 -> Pack | EZ44: =ER44 -> 39300 | FA44: =EX44*EZ44 -> 0 | FB44: =N44+Z44+AL44 -> 0 | FC44: =AU44 -> Pack | FD44: =AV44 -> 39300 | FE44: =FB44*FD44 -> 0 | FF44: =R44+AD44+AP44 -> 0 | FG44: =FC44 -> Pack | FH44: =FD44 -> 39300 | FI44: =FF44*FH44 -> 0 | FJ44: =J44+FB44-FF44 -> 1 | FK44: =FG44 -> Pack | FL44: =FH44 -> 39300 | FM44: =FJ44*FL44 -> 39300 | FN44: =AX44+BJ44+BV44 -> 0 | FO44: =FK44 -> Pack | FP44: =FL44 -> 39300 | FQ44: =FN44*FP44 -> 0 | FR44: =BB44+BN44+BZ44 -> 0 | FS44: =FO44 -> Pack | FT44: =FP44 -> 39300 | FU44: =FR44*FT44 -> 0 | FV44: =FJ44+FN44-FR44 -> 1 | FW44: =FS44 -> Pack | FX44: =FT44 -> 39300 | FY44: =FV44*FX44 -> 39300 | FZ44: =FB44+FN44 -> 0 | GA44: =FW44 -> Pack | GB44: =FX44 -> 39300 | GC44: =FZ44*GB44 -> 0 | GD44: =FF44+FR44 -> 0 | GE44: =GA44 -> Pack | GF44: =GB44 -> 39300 | GG44: =GD44*GF44 -> 0 | GH44: =J44+FZ44-GD44 -> 1 | GI44: =GE44 -> Pack | GJ44: =GF44 -> 39300 | GK44: =GH44*GJ44 -> 39300 | GM44: =CH44+CT44+DF44 -> 0 | GN44: =DO44 -> Pack | GO44: =DP44 -> 39300 | GP44: =GM44*GO44 -> 0 | GQ44: =CL44+CX44+DJ44 -> 0 | GR44: =GN44 -> Pack | GS44: =GO44 -> 39300 | GT44: =GQ44*GS44 -> 0 | GU44: =GH44+GM44-GQ44 -> 1 | GV44: =GR44 -> Pack | GW44: =GS44 -> 39300 | GX44: =GU44*GW44 -> 39300 | GZ44: =FZ44+GM44 -> 0 | HA44: =GV44 -> Pack | HB44: =GW44 -> 39300 | HC44: =GZ44*HB44 -> 0 | HD44: =GD44+GQ44 -> 0 | HE44: =HA44 -> Pack | HF44: =HB44 -> 39300 | HG44: =HD44*HF44 -> 0 | HH44: =J44+GZ44-HD44 -> 1 | HI44: =HE44 -> Pack | HJ44: =HF44 -> 39300 | HK44: =HH44*HJ44 -> 39300 | HL44: TIDAK | HM44: =ROUNDUP(GZ44,0) -> 0 | HN44: =GZ44-HM44 -> 0 | HO44: =ROUNDUP(HB44,0) -> 39300 | HP44: =HB44-HO44 -> 0 | HQ44: =ROUNDUP(HC44,0) -> 0 | HR44: =HC44-HQ44 -> 0 | HS44: =ROUNDUP(HD44,0) -> 0 | HT44: =HD44-HS44 -> 0 | HU44: =ROUNDUP(HF44,0) -> 39300 | HV44: =HF44-HU44 -> 0 | HW44: =ROUNDUP(HG44,0) -> 0 | HX44: =HG44-HW44 -> 0 | HY44: =ROUNDUP(HH44,0) -> 1 | HZ44: =HH44-HY44 -> 0 | IA44: =ROUNDUP(HJ44,0) -> 39300 | IB44: =HJ44-IA44 -> 0 | IC44: =ROUNDUP(HK44,0) -> 39300 | ID44: =HK44-IC44 -> 0 | IF44: =ROUNDUP(DR44,0) -> 0 | IG44: =DR44-IF44 -> 0 | IH44: =ROUNDUP(DT44,0) -> 39300 | II44: =DT44-IH44 -> 0 | IJ44: =ROUNDUP(DU44,0) -> 0 | IK44: =DU44-IJ44 -> 0 | IL44: =ROUNDUP(DV44,0) -> 0 | IM44: =DV44-IL44 -> 0 | IN44: =ROUNDUP(DX44,0) -> 39300 | IO44: =DX44-IN44 -> 0 | IP44: =ROUNDUP(DY44,0) -> 0 | IQ44: =DY44-IP44 -> 0 | IR44: =ROUNDUP(DZ44,0) -> 1 | IS44: =DZ44-IR44 -> 0 | IT44: =ROUNDUP(EB44,0) -> 39300 | IU44: =EB44-IT44 -> 0 | IV44: =ROUNDUP(EC44,0) -> 39300 | IW44: =EC44-IV44 -> 0 | IY44: =DR44+GZ44 -> 0 | IZ44: =DS44 -> Pack | JA44: =DT44 -> 39300 | JB44: =IY44*JA44 -> 0 | JC44: =DV44+HD44 -> 0 | JD44: =IZ44 -> Pack | JE44: =JA44 -> 39300 | JF44: =JC44*JE44 -> 0 | JG44: =J44+IY44-JC44 -> 1 | JH44: =JD44 -> Pack | JI44: =JE44 -> 39300 | JJ44: =JG44*JI44 -> 39300
B45: CABANG PENDIDIKAN WILAYAH X | C45: 5.1.02.01.01.0024 | D45: 17 | E45: Amplop uk 104 | J45: 2 | K45: Dus | L45: 16800 | M45: 33600 | O45: Dus | P45: 16800 | Q45: 0 | R45: 1 | S45: =O45 -> Dus | T45: =P45 -> 16800 | U45: =R45*T45 -> 16800 | V45: =J45+N45-R45 -> 1 | W45: =O45 -> Dus | X45: =P45 -> 16800 | Y45: =V45*X45 -> 16800 | AA45: =W45 -> Dus | AB45: =X45 -> 16800 | AC45: =Z45*AB45 -> 0 | AD45: 1 | AE45: =AA45 -> Dus | AF45: =AB45 -> 16800 | AG45: =AD45*AF45 -> 16800 | AH45: =V45+Z45-AD45 -> 0 | AI45: =AA45 -> Dus | AJ45: =AB45 -> 16800 | AK45: =AH45*AJ45 -> 0 | AM45: =AI45 -> Dus | AN45: =AJ45 -> 16800 | AQ45: =AM45 -> Dus | AR45: =AN45 -> 16800 | AS45: =AP45*AR45 -> 0 | AT45: =AH45+AL45-AP45 -> 0 | AU45: =AM45 -> Dus | AV45: =AN45 -> 16800 | AW45: =AT45*AV45 -> 0 | AY45: =AU45 -> Dus | AZ45: =AV45 -> 16800 | BA45: =AX45*AZ45 -> 0 | BC45: =AY45 -> Dus | BD45: =AZ45 -> 16800 | BE45: =BB45*BD45 -> 0 | BF45: =AT45+AX45-BB45 -> 0 | BG45: =AY45 -> Dus | BH45: =AZ45 -> 16800 | BI45: =BF45*BH45 -> 0 | BK45: =BG45 -> Dus | BL45: =BH45 -> 16800 | BM45: =BJ45*BL45 -> 0 | BO45: =BK45 -> Dus | BP45: =BL45 -> 16800 | BQ45: =BN45*BP45 -> 0 | BR45: =BF45+BJ45-BN45 -> 0 | BS45: =BK45 -> Dus | BT45: =BL45 -> 16800 | BU45: =BR45*BT45 -> 0 | BW45: =BS45 -> Dus | BX45: =BT45 -> 16800 | BY45: =BV45*BX45 -> 0 | CA45: =BW45 -> Dus | CB45: =BX45 -> 16800 | CC45: =BZ45*CB45 -> 0 | CD45: =BR45+BV45-BZ45 -> 0 | CE45: =BW45 -> Dus | CF45: =BX45 -> 16800 | CG45: =CD45*CF45 -> 0 | CI45: =CE45 -> Dus | CJ45: =CF45 -> 16800 | CK45: =CH45*CJ45 -> 0 | CM45: =CI45 -> Dus | CN45: =CJ45 -> 16800 | CO45: =CL45*CN45 -> 0 | CP45: =CD45+CH45-CL45 -> 0 | CQ45: =CI45 -> Dus | CR45: =CJ45 -> 16800 | CS45: =CP45*CR45 -> 0 | CU45: =CQ45 -> Dus | CV45: =CR45 -> 16800 | CW45: =CT45*CV45 -> 0 | CY45: =CU45 -> Dus | CZ45: =CV45 -> 16800 | DA45: =CX45*CZ45 -> 0 | DB45: =CP45+CT45-CX45 -> 0 | DC45: =CU45 -> Dus | DD45: =CV45 -> 16800 | DE45: =DB45*DD45 -> 0 | DG45: =DC45 -> Dus | DH45: =DD45 -> 16800 | DI45: =DF45*DH45 -> 0 | DK45: =DG45 -> Dus | DL45: =DH45 -> 16800 | DM45: =DJ45*DL45 -> 0 | DN45: =DB45+DF45-DJ45 -> 0 | DO45: =DG45 -> Dus | DP45: =DH45 -> 16800 | DQ45: =DN45*DP45 -> 0 | DS45: =DO45 -> Dus | DT45: =DP45 -> 16800 | DU45: =DR45*DT45 -> 0 | DW45: =DS45 -> Dus | DX45: =DT45 -> 16800 | DY45: =DV45*DX45 -> 0 | DZ45: =DN45+DR45-DV45 -> 0 | EA45: =DS45 -> Dus | EB45: =DT45 -> 16800 | EC45: =DZ45*EB45 -> 0 | EE45: =EA45 -> Dus | EF45: =EB45 -> 16800 | EG45: =ED45*EF45 -> 0 | EI45: =EE45 -> Dus | EJ45: =EF45 -> 16800 | EK45: =EH45*EJ45 -> 0 | EL45: =DZ45+ED45-EH45 -> 0 | EM45: =EE45 -> Dus | EN45: =EF45 -> 16800 | EO45: =EL45*EN45 -> 0 | EQ45: =EM45 -> Dus | ER45: =EN45 -> 16800 | ES45: =EP45*ER45 -> 0 | EU45: =EQ45 -> Dus | EV45: =ER45 -> 16800 | EW45: =ET45*EV45 -> 0 | EX45: =EL45+EP45-ET45 -> 0 | EY45: =EQ45 -> Dus | EZ45: =ER45 -> 16800 | FA45: =EX45*EZ45 -> 0 | FB45: =N45+Z45+AL45 -> 0 | FC45: =AU45 -> Dus | FD45: =AV45 -> 16800 | FE45: =FB45*FD45 -> 0 | FF45: =R45+AD45+AP45 -> 2 | FG45: =FC45 -> Dus | FH45: =FD45 -> 16800 | FI45: =FF45*FH45 -> 33600 | FJ45: =J45+FB45-FF45 -> 0 | FK45: =FG45 -> Dus | FL45: =FH45 -> 16800 | FM45: =FJ45*FL45 -> 0 | FN45: =AX45+BJ45+BV45 -> 0 | FO45: =FK45 -> Dus | FP45: =FL45 -> 16800 | FQ45: =FN45*FP45 -> 0 | FR45: =BB45+BN45+BZ45 -> 0 | FS45: =FO45 -> Dus | FT45: =FP45 -> 16800 | FU45: =FR45*FT45 -> 0 | FV45: =FJ45+FN45-FR45 -> 0 | FW45: =FS45 -> Dus | FX45: =FT45 -> 16800 | FY45: =FV45*FX45 -> 0 | FZ45: =FB45+FN45 -> 0 | GA45: =FW45 -> Dus | GB45: =FX45 -> 16800 | GC45: =FZ45*GB45 -> 0 | GD45: =FF45+FR45 -> 2 | GE45: =GA45 -> Dus | GF45: =GB45 -> 16800 | GG45: =GD45*GF45 -> 33600 | GH45: =J45+FZ45-GD45 -> 0 | GI45: =GE45 -> Dus | GJ45: =GF45 -> 16800 | GK45: =GH45*GJ45 -> 0 | GM45: =CH45+CT45+DF45 -> 0 | GN45: =DO45 -> Dus | GO45: =DP45 -> 16800 | GP45: =GM45*GO45 -> 0 | GQ45: =CL45+CX45+DJ45 -> 0 | GR45: =GN45 -> Dus | GS45: =GO45 -> 16800 | GT45: =GQ45*GS45 -> 0 | GU45: =GH45+GM45-GQ45 -> 0 | GV45: =GR45 -> Dus | GW45: =GS45 -> 16800 | GX45: =GU45*GW45 -> 0 | GZ45: =FZ45+GM45 -> 0 | HA45: =GV45 -> Dus | HB45: =GW45 -> 16800 | HC45: =GZ45*HB45 -> 0 | HD45: =GD45+GQ45 -> 2 | HE45: =HA45 -> Dus | HF45: =HB45 -> 16800 | HG45: =HD45*HF45 -> 33600 | HH45: =J45+GZ45-HD45 -> 0 | HI45: =HE45 -> Dus | HJ45: =HF45 -> 16800 | HK45: =HH45*HJ45 -> 0 | HL45: TIDAK | HM45: =ROUNDUP(GZ45,0) -> 0 | HN45: =GZ45-HM45 -> 0 | HO45: =ROUNDUP(HB45,0) -> 16800 | HP45: =HB45-HO45 -> 0 | HQ45: =ROUNDUP(HC45,0) -> 0 | HR45: =HC45-HQ45 -> 0 | HS45: =ROUNDUP(HD45,0) -> 2 | HT45: =HD45-HS45 -> 0 | HU45: =ROUNDUP(HF45,0) -> 16800 | HV45: =HF45-HU45 -> 0 | HW45: =ROUNDUP(HG45,0) -> 33600 | HX45: =HG45-HW45 -> 0 | HY45: =ROUNDUP(HH45,0) -> 0 | HZ45: =HH45-HY45 -> 0 | IA45: =ROUNDUP(HJ45,0) -> 16800 | IB45: =HJ45-IA45 -> 0 | IC45: =ROUNDUP(HK45,0) -> 0 | ID45: =HK45-IC45 -> 0 | IF45: =ROUNDUP(DR45,0) -> 0 | IG45: =DR45-IF45 -> 0 | IH45: =ROUNDUP(DT45,0) -> 16800 | II45: =DT45-IH45 -> 0 | IJ45: =ROUNDUP(DU45,0) -> 0 | IK45: =DU45-IJ45 -> 0 | IL45: =ROUNDUP(DV45,0) -> 0 | IM45: =DV45-IL45 -> 0 | IN45: =ROUNDUP(DX45,0) -> 16800 | IO45: =DX45-IN45 -> 0 | IP45: =ROUNDUP(DY45,0) -> 0 | IQ45: =DY45-IP45 -> 0 | IR45: =ROUNDUP(DZ45,0) -> 0 | IS45: =DZ45-IR45 -> 0 | IT45: =ROUNDUP(EB45,0) -> 16800 | IU45: =EB45-IT45 -> 0 | IV45: =ROUNDUP(EC45,0) -> 0 | IW45: =EC45-IV45 -> 0 | IY45: =DR45+GZ45 -> 0 | IZ45: =DS45 -> Dus | JA45: =DT45 -> 16800 | JB45: =IY45*JA45 -> 0 | JC45: =DV45+HD45 -> 2 | JD45: =IZ45 -> Dus | JE45: =JA45 -> 16800 | JF45: =JC45*JE45 -> 33600 | JG45: =J45+IY45-JC45 -> 0 | JH45: =JD45 -> Dus | JI45: =JE45 -> 16800 | JJ45: =JG45*JI45 -> 0
B46: CABANG PENDIDIKAN WILAYAH X | C46: 5.1.02.01.01.0024 | D46: 18 | E46: Amplop uk 90 | J46: 2 | K46: Dus | L46: 23300 | M46: 46600 | O46: Dus | P46: 23300 | Q46: 0 | R46: 1 | S46: =O46 -> Dus | T46: =P46 -> 23300 | U46: =R46*T46 -> 23300 | V46: =J46+N46-R46 -> 1 | W46: =O46 -> Dus | X46: =P46 -> 23300 | Y46: =V46*X46 -> 23300 | AA46: =W46 -> Dus | AB46: =X46 -> 23300 | AC46: =Z46*AB46 -> 0 | AE46: =AA46 -> Dus | AF46: =AB46 -> 23300 | AG46: =AD46*AF46 -> 0 | AH46: =V46+Z46-AD46 -> 1 | AI46: =AA46 -> Dus | AJ46: =AB46 -> 23300 | AK46: =AH46*AJ46 -> 23300 | AM46: =AI46 -> Dus | AN46: =AJ46 -> 23300 | AQ46: =AM46 -> Dus | AR46: =AN46 -> 23300 | AS46: =AP46*AR46 -> 0 | AT46: =AH46+AL46-AP46 -> 1 | AU46: =AM46 -> Dus | AV46: =AN46 -> 23300 | AW46: =AT46*AV46 -> 23300 | AY46: =AU46 -> Dus | AZ46: =AV46 -> 23300 | BA46: =AX46*AZ46 -> 0 | BC46: =AY46 -> Dus | BD46: =AZ46 -> 23300 | BE46: =BB46*BD46 -> 0 | BF46: =AT46+AX46-BB46 -> 1 | BG46: =AY46 -> Dus | BH46: =AZ46 -> 23300 | BI46: =BF46*BH46 -> 23300 | BK46: =BG46 -> Dus | BL46: =BH46 -> 23300 | BM46: =BJ46*BL46 -> 0 | BO46: =BK46 -> Dus | BP46: =BL46 -> 23300 | BQ46: =BN46*BP46 -> 0 | BR46: =BF46+BJ46-BN46 -> 1 | BS46: =BK46 -> Dus | BT46: =BL46 -> 23300 | BU46: =BR46*BT46 -> 23300 | BW46: =BS46 -> Dus | BX46: =BT46 -> 23300 | BY46: =BV46*BX46 -> 0 | CA46: =BW46 -> Dus | CB46: =BX46 -> 23300 | CC46: =BZ46*CB46 -> 0 | CD46: =BR46+BV46-BZ46 -> 1 | CE46: =BW46 -> Dus | CF46: =BX46 -> 23300 | CG46: =CD46*CF46 -> 23300 | CI46: =CE46 -> Dus | CJ46: =CF46 -> 23300 | CK46: =CH46*CJ46 -> 0 | CM46: =CI46 -> Dus | CN46: =CJ46 -> 23300 | CO46: =CL46*CN46 -> 0 | CP46: =CD46+CH46-CL46 -> 1 | CQ46: =CI46 -> Dus | CR46: =CJ46 -> 23300 | CS46: =CP46*CR46 -> 23300 | CU46: =CQ46 -> Dus | CV46: =CR46 -> 23300 | CW46: =CT46*CV46 -> 0 | CY46: =CU46 -> Dus | CZ46: =CV46 -> 23300 | DA46: =CX46*CZ46 -> 0 | DB46: =CP46+CT46-CX46 -> 1 | DC46: =CU46 -> Dus | DD46: =CV46 -> 23300 | DE46: =DB46*DD46 -> 23300 | DG46: =DC46 -> Dus | DH46: =DD46 -> 23300 | DI46: =DF46*DH46 -> 0 | DK46: =DG46 -> Dus | DL46: =DH46 -> 23300 | DM46: =DJ46*DL46 -> 0 | DN46: =DB46+DF46-DJ46 -> 1 | DO46: =DG46 -> Dus | DP46: =DH46 -> 23300 | DQ46: =DN46*DP46 -> 23300 | DS46: =DO46 -> Dus | DT46: =DP46 -> 23300 | DU46: =DR46*DT46 -> 0 | DW46: =DS46 -> Dus | DX46: =DT46 -> 23300 | DY46: =DV46*DX46 -> 0 | DZ46: =DN46+DR46-DV46 -> 1 | EA46: =DS46 -> Dus | EB46: =DT46 -> 23300 | EC46: =DZ46*EB46 -> 23300 | EE46: =EA46 -> Dus | EF46: =EB46 -> 23300 | EG46: =ED46*EF46 -> 0 | EI46: =EE46 -> Dus | EJ46: =EF46 -> 23300 | EK46: =EH46*EJ46 -> 0 | EL46: =DZ46+ED46-EH46 -> 1 | EM46: =EE46 -> Dus | EN46: =EF46 -> 23300 | EO46: =EL46*EN46 -> 23300 | EQ46: =EM46 -> Dus | ER46: =EN46 -> 23300 | ES46: =EP46*ER46 -> 0 | EU46: =EQ46 -> Dus | EV46: =ER46 -> 23300 | EW46: =ET46*EV46 -> 0 | EX46: =EL46+EP46-ET46 -> 1 | EY46: =EQ46 -> Dus | EZ46: =ER46 -> 23300 | FA46: =EX46*EZ46 -> 23300 | FB46: =N46+Z46+AL46 -> 0 | FC46: =AU46 -> Dus | FD46: =AV46 -> 23300 | FE46: =FB46*FD46 -> 0 | FF46: =R46+AD46+AP46 -> 1 | FG46: =FC46 -> Dus | FH46: =FD46 -> 23300 | FI46: =FF46*FH46 -> 23300 | FJ46: =J46+FB46-FF46 -> 1 | FK46: =FG46 -> Dus | FL46: =FH46 -> 23300 | FM46: =FJ46*FL46 -> 23300 | FN46: =AX46+BJ46+BV46 -> 0 | FO46: =FK46 -> Dus | FP46: =FL46 -> 23300 | FQ46: =FN46*FP46 -> 0 | FR46: =BB46+BN46+BZ46 -> 0 | FS46: =FO46 -> Dus | FT46: =FP46 -> 23300 | FU46: =FR46*FT46 -> 0 | FV46: =FJ46+FN46-FR46 -> 1 | FW46: =FS46 -> Dus | FX46: =FT46 -> 23300 | FY46: =FV46*FX46 -> 23300 | FZ46: =FB46+FN46 -> 0 | GA46: =FW46 -> Dus | GB46: =FX46 -> 23300 | GC46: =FZ46*GB46 -> 0 | GD46: =FF46+FR46 -> 1 | GE46: =GA46 -> Dus | GF46: =GB46 -> 23300 | GG46: =GD46*GF46 -> 23300 | GH46: =J46+FZ46-GD46 -> 1 | GI46: =GE46 -> Dus | GJ46: =GF46 -> 23300 | GK46: =GH46*GJ46 -> 23300 | GM46: =CH46+CT46+DF46 -> 0 | GN46: =DO46 -> Dus | GO46: =DP46 -> 23300 | GP46: =GM46*GO46 -> 0 | GQ46: =CL46+CX46+DJ46 -> 0 | GR46: =GN46 -> Dus | GS46: =GO46 -> 23300 | GT46: =GQ46*GS46 -> 0 | GU46: =GH46+GM46-GQ46 -> 1 | GV46: =GR46 -> Dus | GW46: =GS46 -> 23300 | GX46: =GU46*GW46 -> 23300 | GZ46: =FZ46+GM46 -> 0 | HA46: =GV46 -> Dus | HB46: =GW46 -> 23300 | HC46: =GZ46*HB46 -> 0 | HD46: =GD46+GQ46 -> 1 | HE46: =HA46 -> Dus | HF46: =HB46 -> 23300 | HG46: =HD46*HF46 -> 23300 | HH46: =J46+GZ46-HD46 -> 1 | HI46: =HE46 -> Dus | HJ46: =HF46 -> 23300 | HK46: =HH46*HJ46 -> 23300 | HL46: TIDAK | HM46: =ROUNDUP(GZ46,0) -> 0 | HN46: =GZ46-HM46 -> 0 | HO46: =ROUNDUP(HB46,0) -> 23300 | HP46: =HB46-HO46 -> 0 | HQ46: =ROUNDUP(HC46,0) -> 0 | HR46: =HC46-HQ46 -> 0 | HS46: =ROUNDUP(HD46,0) -> 1 | HT46: =HD46-HS46 -> 0 | HU46: =ROUNDUP(HF46,0) -> 23300 | HV46: =HF46-HU46 -> 0 | HW46: =ROUNDUP(HG46,0) -> 23300 | HX46: =HG46-HW46 -> 0 | HY46: =ROUNDUP(HH46,0) -> 1 | HZ46: =HH46-HY46 -> 0 | IA46: =ROUNDUP(HJ46,0) -> 23300 | IB46: =HJ46-IA46 -> 0 | IC46: =ROUNDUP(HK46,0) -> 23300 | ID46: =HK46-IC46 -> 0 | IF46: =ROUNDUP(DR46,0) -> 0 | IG46: =DR46-IF46 -> 0 | IH46: =ROUNDUP(DT46,0) -> 23300 | II46: =DT46-IH46 -> 0 | IJ46: =ROUNDUP(DU46,0) -> 0 | IK46: =DU46-IJ46 -> 0 | IL46: =ROUNDUP(DV46,0) -> 0 | IM46: =DV46-IL46 -> 0 | IN46: =ROUNDUP(DX46,0) -> 23300 | IO46: =DX46-IN46 -> 0 | IP46: =ROUNDUP(DY46,0) -> 0 | IQ46: =DY46-IP46 -> 0 | IR46: =ROUNDUP(DZ46,0) -> 1 | IS46: =DZ46-IR46 -> 0 | IT46: =ROUNDUP(EB46,0) -> 23300 | IU46: =EB46-IT46 -> 0 | IV46: =ROUNDUP(EC46,0) -> 23300 | IW46: =EC46-IV46 -> 0 | IY46: =DR46+GZ46 -> 0 | IZ46: =DS46 -> Dus | JA46: =DT46 -> 23300 | JB46: =IY46*JA46 -> 0 | JC46: =DV46+HD46 -> 1 | JD46: =IZ46 -> Dus | JE46: =JA46 -> 23300 | JF46: =JC46*JE46 -> 23300 | JG46: =J46+IY46-JC46 -> 1 | JH46: =JD46 -> Dus | JI46: =JE46 -> 23300 | JJ46: =JG46*JI46 -> 23300
B47: CABANG PENDIDIKAN WILAYAH X | C47: 5.1.02.01.01.0024 | E47: Pulpen/Ballpoint Gel | O47: =AY47 -> PACK | P47: =AZ47 -> 47896 | S47: =O47 -> PACK | T47: =P47 -> 47896 | U47: =R47*T47 -> 0 | V47: =J47+N47-R47 -> 0 | W47: =O47 -> PACK | X47: =P47 -> 47896 | Y47: =V47*X47 -> 0 | AA47: =W47 -> PACK | AB47: =X47 -> 47896 | AC47: =Z47*AB47 -> 0 | AE47: =AA47 -> PACK | AF47: =AB47 -> 47896 | AG47: =AD47*AF47 -> 0 | AH47: =V47+Z47-AD47 -> 0 | AI47: =AA47 -> PACK | AJ47: =AB47 -> 47896 | AK47: =AH47*AJ47 -> 0 | AM47: =AI47 -> PACK | AN47: =AJ47 -> 47896 | AO47: =AL47*AN47 -> 0 | AQ47: =AM47 -> PACK | AR47: =AN47 -> 47896 | AS47: =AP47*AR47 -> 0 | AT47: =AH47+AL47-AP47 -> 0 | AU47: =AM47 -> PACK | AV47: =AN47 -> 47896 | AW47: =AT47*AV47 -> 0 | AX47: 15 | AY47: PACK | AZ47: 47896 | BA47: =AX47*AZ47 -> 718440 | BC47: =AY47 -> PACK | BD47: =AZ47 -> 47896 | BE47: =BB47*BD47 -> 0 | BF47: =AT47+AX47-BB47 -> 15 | BG47: =AY47 -> PACK | BH47: =AZ47 -> 47896 | BI47: =BF47*BH47 -> 718440 | BK47: =BG47 -> PACK | BL47: =BH47 -> 47896 | BM47: =BJ47*BL47 -> 0 | BN47: 2 | BO47: =BK47 -> PACK | BP47: =BL47 -> 47896 | BQ47: =BN47*BP47 -> 95792 | BR47: =BF47+BJ47-BN47 -> 13 | BS47: =BK47 -> PACK | BT47: =BL47 -> 47896 | BU47: =BR47*BT47 -> 622648 | BW47: =BS47 -> PACK | BX47: =BT47 -> 47896 | BY47: =BV47*BX47 -> 0 | CA47: =BW47 -> PACK | CB47: =BX47 -> 47896 | CC47: =BZ47*CB47 -> 0 | CD47: =BR47+BV47-BZ47 -> 13 | CE47: =BW47 -> PACK | CF47: =BX47 -> 47896 | CG47: =CD47*CF47 -> 622648 | CI47: =CE47 -> PACK | CJ47: =CF47 -> 47896 | CK47: =CH47*CJ47 -> 0 | CL47: 5 | CM47: =CI47 -> PACK | CN47: =CJ47 -> 47896 | CO47: =CL47*CN47 -> 239480 | CP47: =CD47+CH47-CL47 -> 8 | CQ47: =CI47 -> PACK | CR47: =CJ47 -> 47896 | CS47: =CP47*CR47 -> 383168 | CT47: 4 | CU47: =CQ47 -> PACK | CV47: =CR47 -> 47896 | CW47: =CT47*CV47 -> 191584 | CX47: 6 | CY47: =CU47 -> PACK | CZ47: =CV47 -> 47896 | DA47: =CX47*CZ47 -> 287376 | DB47: =CP47+CT47-CX47 -> 6 | DC47: =CU47 -> PACK | DD47: =CV47 -> 47896 | DE47: =DB47*DD47 -> 287376 | DG47: =DC47 -> PACK | DH47: =DD47 -> 47896 | DI47: =DF47*DH47 -> 0 | DJ47: 6 | DK47: =DG47 -> PACK | DL47: =DH47 -> 47896 | DM47: =DJ47*DL47 -> 287376 | DN47: =DB47+DF47-DJ47 -> 0 | DO47: =DG47 -> PACK | DP47: =DH47 -> 47896 | DQ47: =DN47*DP47 -> 0 | DS47: =DO47 -> PACK | DT47: =DP47 -> 47896 | DU47: =DR47*DT47 -> 0 | DW47: =DS47 -> PACK | DX47: =DT47 -> 47896 | DY47: =DV47*DX47 -> 0 | DZ47: =DN47+DR47-DV47 -> 0 | EA47: =DS47 -> PACK | EB47: =DT47 -> 47896 | EC47: =DZ47*EB47 -> 0 | ED47: 6 | EE47: =EA47 -> PACK | EF47: =EB47 -> 47896 | EG47: =ED47*EF47 -> 287376 | EI47: =EE47 -> PACK | EJ47: =EF47 -> 47896 | EK47: =EH47*EJ47 -> 0 | EL47: =DZ47+ED47-EH47 -> 6 | EM47: =EE47 -> PACK | EN47: =EF47 -> 47896 | EO47: =EL47*EN47 -> 287376 | EQ47: =EM47 -> PACK | ER47: =EN47 -> 47896 | ES47: =EP47*ER47 -> 0 | ET47: 1 | EU47: =EQ47 -> PACK | EV47: =ER47 -> 47896 | EW47: =ET47*EV47 -> 47896 | EX47: =EL47+EP47-ET47 -> 5 | EY47: =EQ47 -> PACK | EZ47: =ER47 -> 47896 | FA47: =EX47*EZ47 -> 239480 | FB47: =N47+Z47+AL47 -> 0 | FC47: =AU47 -> PACK | FD47: =AV47 -> 47896 | FE47: =FB47*FD47 -> 0 | FF47: =R47+AD47+AP47 -> 0 | FG47: =FC47 -> PACK | FH47: =FD47 -> 47896 | FI47: =FF47*FH47 -> 0 | FJ47: =J47+FB47-FF47 -> 0 | FK47: =FG47 -> PACK | FL47: =FH47 -> 47896 | FM47: =FJ47*FL47 -> 0 | FN47: =AX47+BJ47+BV47 -> 15 | FO47: =FK47 -> PACK | FP47: =FL47 -> 47896 | FQ47: =FN47*FP47 -> 718440 | FR47: =BB47+BN47+BZ47 -> 2 | FS47: =FO47 -> PACK | FT47: =FP47 -> 47896 | FU47: =FR47*FT47 -> 95792 | FV47: =FJ47+FN47-FR47 -> 13 | FW47: =FS47 -> PACK | FX47: =FT47 -> 47896 | FY47: =FV47*FX47 -> 622648 | FZ47: =FB47+FN47 -> 15 | GA47: =FW47 -> PACK | GB47: =FX47 -> 47896 | GC47: =FZ47*GB47 -> 718440 | GD47: =FF47+FR47 -> 2 | GE47: =GA47 -> PACK | GF47: =GB47 -> 47896 | GG47: =GD47*GF47 -> 95792 | GH47: =J47+FZ47-GD47 -> 13 | GI47: =GE47 -> PACK | GJ47: =GF47 -> 47896 | GK47: =GH47*GJ47 -> 622648 | GM47: =CH47+CT47+DF47 -> 4 | GN47: =DO47 -> PACK | GO47: =DP47 -> 47896 | GP47: =GM47*GO47 -> 191584 | GQ47: =CL47+CX47+DJ47 -> 17 | GR47: =GN47 -> PACK | GS47: =GO47 -> 47896 | GT47: =GQ47*GS47 -> 814232 | GU47: =GH47+GM47-GQ47 -> 0 | GV47: =GR47 -> PACK | GW47: =GS47 -> 47896 | GX47: =GU47*GW47 -> 0 | GZ47: =FZ47+GM47 -> 19 | HA47: =GV47 -> PACK | HB47: =GW47 -> 47896 | HC47: =GZ47*HB47 -> 910024 | HD47: =GD47+GQ47 -> 19 | HE47: =HA47 -> PACK | HF47: =HB47 -> 47896 | HG47: =HD47*HF47 -> 910024 | HH47: =J47+GZ47-HD47 -> 0 | HI47: =HE47 -> PACK | HJ47: =HF47 -> 47896 | HK47: =HH47*HJ47 -> 0 | HL47: TIDAK | HM47: =ROUNDUP(GZ47,0) -> 19 | HN47: =GZ47-HM47 -> 0 | HO47: =ROUNDUP(HB47,0) -> 47896 | HP47: =HB47-HO47 -> 0 | HQ47: =ROUNDUP(HC47,0) -> 910024 | HR47: =HC47-HQ47 -> 0 | HS47: =ROUNDUP(HD47,0) -> 19 | HT47: =HD47-HS47 -> 0 | HU47: =ROUNDUP(HF47,0) -> 47896 | HV47: =HF47-HU47 -> 0 | HW47: =ROUNDUP(HG47,0) -> 910024 | HX47: =HG47-HW47 -> 0 | HY47: =ROUNDUP(HH47,0) -> 0 | HZ47: =HH47-HY47 -> 0 | IA47: =ROUNDUP(HJ47,0) -> 47896 | IB47: =HJ47-IA47 -> 0 | IC47: =ROUNDUP(HK47,0) -> 0 | ID47: =HK47-IC47 -> 0 | IF47: =ROUNDUP(DR47,0) -> 0 | IG47: =DR47-IF47 -> 0 | IH47: =ROUNDUP(DT47,0) -> 47896 | II47: =DT47-IH47 -> 0 | IJ47: =ROUNDUP(DU47,0) -> 0 | IK47: =DU47-IJ47 -> 0 | IL47: =ROUNDUP(DV47,0) -> 0 | IM47: =DV47-IL47 -> 0 | IN47: =ROUNDUP(DX47,0) -> 47896 | IO47: =DX47-IN47 -> 0 | IP47: =ROUNDUP(DY47,0) -> 0 | IQ47: =DY47-IP47 -> 0 | IR47: =ROUNDUP(DZ47,0) -> 0 | IS47: =DZ47-IR47 -> 0 | IT47: =ROUNDUP(EB47,0) -> 47896 | IU47: =EB47-IT47 -> 0 | IV47: =ROUNDUP(EC47,0) -> 0 | IW47: =EC47-IV47 -> 0 | IY47: =DR47+GZ47 -> 19 | IZ47: =DS47 -> PACK | JA47: =DT47 -> 47896 | JB47: =IY47*JA47 -> 910024 | JC47: =DV47+HD47 -> 19 | JD47: =IZ47 -> PACK | JE47: =JA47 -> 47896 | JF47: =JC47*JE47 -> 910024 | JG47: =J47+IY47-JC47 -> 0 | JH47: =JD47 -> PACK | JI47: =JE47 -> 47896 | JJ47: =JG47*JI47 -> 0
B48: CABANG PENDIDIKAN WILAYAH X | C48: 5.1.02.01.01.0024 | E48: Penjepit Kertas No 105 | O48: =AY48 -> PACK | P48: =AZ48 -> 3111 | S48: =O48 -> PACK | T48: =P48 -> 3111 | U48: =R48*T48 -> 0 | V48: =J48+N48-R48 -> 0 | W48: =O48 -> PACK | X48: =P48 -> 3111 | Y48: =V48*X48 -> 0 | AA48: =W48 -> PACK | AB48: =X48 -> 3111 | AC48: =Z48*AB48 -> 0 | AE48: =AA48 -> PACK | AF48: =AB48 -> 3111 | AG48: =AD48*AF48 -> 0 | AH48: =V48+Z48-AD48 -> 0 | AI48: =AA48 -> PACK | AJ48: =AB48 -> 3111 | AK48: =AH48*AJ48 -> 0 | AM48: =AI48 -> PACK | AN48: =AJ48 -> 3111 | AO48: =AL48*AN48 -> 0 | AQ48: =AM48 -> PACK | AR48: =AN48 -> 3111 | AS48: =AP48*AR48 -> 0 | AT48: =AH48+AL48-AP48 -> 0 | AU48: =AM48 -> PACK | AV48: =AN48 -> 3111 | AW48: =AT48*AV48 -> 0 | AX48: 8 | AY48: PACK | AZ48: 3111 | BA48: =AX48*AZ48 -> 24888 | BC48: =AY48 -> PACK | BD48: =AZ48 -> 3111 | BE48: =BB48*BD48 -> 0 | BF48: =AT48+AX48-BB48 -> 8 | BG48: =AY48 -> PACK | BH48: =AZ48 -> 3111 | BI48: =BF48*BH48 -> 24888 | BK48: =BG48 -> PACK | BL48: =BH48 -> 3111 | BM48: =BJ48*BL48 -> 0 | BO48: =BK48 -> PACK | BP48: =BL48 -> 3111 | BQ48: =BN48*BP48 -> 0 | BR48: =BF48+BJ48-BN48 -> 8 | BS48: =BK48 -> PACK | BT48: =BL48 -> 3111 | BU48: =BR48*BT48 -> 24888 | BW48: =BS48 -> PACK | BX48: =BT48 -> 3111 | BY48: =BV48*BX48 -> 0 | CA48: =BW48 -> PACK | CB48: =BX48 -> 3111 | CC48: =BZ48*CB48 -> 0 | CD48: =BR48+BV48-BZ48 -> 8 | CE48: =BW48 -> PACK | CF48: =BX48 -> 3111 | CG48: =CD48*CF48 -> 24888 | CI48: =CE48 -> PACK | CJ48: =CF48 -> 3111 | CK48: =CH48*CJ48 -> 0 | CL48: 5 | CM48: =CI48 -> PACK | CN48: =CJ48 -> 3111 | CO48: =CL48*CN48 -> 15555 | CP48: =CD48+CH48-CL48 -> 3 | CQ48: =CI48 -> PACK | CR48: =CJ48 -> 3111 | CS48: =CP48*CR48 -> 9333 | CT48: 6 | CU48: =CQ48 -> PACK | CV48: =CR48 -> 3111 | CW48: =CT48*CV48 -> 18666 | CX48: 3 | CY48: =CU48 -> PACK | CZ48: =CV48 -> 3111 | DA48: =CX48*CZ48 -> 9333 | DB48: =CP48+CT48-CX48 -> 6 | DC48: =CU48 -> PACK | DD48: =CV48 -> 3111 | DE48: =DB48*DD48 -> 18666 | DG48: =DC48 -> PACK | DH48: =DD48 -> 3111 | DI48: =DF48*DH48 -> 0 | DJ48: 6 | DK48: =DG48 -> PACK | DL48: =DH48 -> 3111 | DM48: =DJ48*DL48 -> 18666 | DN48: =DB48+DF48-DJ48 -> 0 | DO48: =DG48 -> PACK | DP48: =DH48 -> 3111 | DQ48: =DN48*DP48 -> 0 | DS48: =DO48 -> PACK | DT48: =DP48 -> 3111 | DU48: =DR48*DT48 -> 0 | DW48: =DS48 -> PACK | DX48: =DT48 -> 3111 | DY48: =DV48*DX48 -> 0 | DZ48: =DN48+DR48-DV48 -> 0 | EA48: =DS48 -> PACK | EB48: =DT48 -> 3111 | EC48: =DZ48*EB48 -> 0 | ED48: 5 | EE48: =EA48 -> PACK | EF48: =EB48 -> 3111 | EG48: =ED48*EF48 -> 15555 | EI48: =EE48 -> PACK | EJ48: =EF48 -> 3111 | EK48: =EH48*EJ48 -> 0 | EL48: =DZ48+ED48-EH48 -> 5 | EM48: =EE48 -> PACK | EN48: =EF48 -> 3111 | EO48: =EL48*EN48 -> 15555 | EQ48: =EM48 -> PACK | ER48: =EN48 -> 3111 | ES48: =EP48*ER48 -> 0 | ET48: 2 | EU48: =EQ48 -> PACK | EV48: =ER48 -> 3111 | EW48: =ET48*EV48 -> 6222 | EX48: =EL48+EP48-ET48 -> 3 | EY48: =EQ48 -> PACK | EZ48: =ER48 -> 3111 | FA48: =EX48*EZ48 -> 9333 | FB48: =N48+Z48+AL48 -> 0 | FC48: =AU48 -> PACK | FD48: =AV48 -> 3111 | FE48: =FB48*FD48 -> 0 | FF48: =R48+AD48+AP48 -> 0 | FG48: =FC48 -> PACK | FH48: =FD48 -> 3111 | FI48: =FF48*FH48 -> 0 | FJ48: =J48+FB48-FF48 -> 0 | FK48: =FG48 -> PACK | FL48: =FH48 -> 3111 | FM48: =FJ48*FL48 -> 0 | FN48: =AX48+BJ48+BV48 -> 8 | FO48: =FK48 -> PACK | FP48: =FL48 -> 3111 | FQ48: =FN48*FP48 -> 24888 | FR48: =BB48+BN48+BZ48 -> 0 | FS48: =FO48 -> PACK | FT48: =FP48 -> 3111 | FU48: =FR48*FT48 -> 0 | FV48: =FJ48+FN48-FR48 -> 8 | FW48: =FS48 -> PACK | FX48: =FT48 -> 3111 | FY48: =FV48*FX48 -> 24888 | FZ48: =FB48+FN48 -> 8 | GA48: =FW48 -> PACK | GB48: =FX48 -> 3111 | GC48: =FZ48*GB48 -> 24888 | GD48: =FF48+FR48 -> 0 | GE48: =GA48 -> PACK | GF48: =GB48 -> 3111 | GG48: =GD48*GF48 -> 0 | GH48: =J48+FZ48-GD48 -> 8 | GI48: =GE48 -> PACK | GJ48: =GF48 -> 3111 | GK48: =GH48*GJ48 -> 24888 | GM48: =CH48+CT48+DF48 -> 6 | GN48: =DO48 -> PACK | GO48: =DP48 -> 3111 | GP48: =GM48*GO48 -> 18666 | GQ48: =CL48+CX48+DJ48 -> 14 | GR48: =GN48 -> PACK | GS48: =GO48 -> 3111 | GT48: =GQ48*GS48 -> 43554 | GU48: =GH48+GM48-GQ48 -> 0 | GV48: =GR48 -> PACK | GW48: =GS48 -> 3111 | GX48: =GU48*GW48 -> 0 | GZ48: =FZ48+GM48 -> 14 | HA48: =GV48 -> PACK | HB48: =GW48 -> 3111 | HC48: =GZ48*HB48 -> 43554 | HD48: =GD48+GQ48 -> 14 | HE48: =HA48 -> PACK | HF48: =HB48 -> 3111 | HG48: =HD48*HF48 -> 43554 | HH48: =J48+GZ48-HD48 -> 0 | HI48: =HE48 -> PACK | HJ48: =HF48 -> 3111 | HK48: =HH48*HJ48 -> 0 | HL48: TIDAK | HM48: =ROUNDUP(GZ48,0) -> 14 | HN48: =GZ48-HM48 -> 0 | HO48: =ROUNDUP(HB48,0) -> 3111 | HP48: =HB48-HO48 -> 0 | HQ48: =ROUNDUP(HC48,0) -> 43554 | HR48: =HC48-HQ48 -> 0 | HS48: =ROUNDUP(HD48,0) -> 14 | HT48: =HD48-HS48 -> 0 | HU48: =ROUNDUP(HF48,0) -> 3111 | HV48: =HF48-HU48 -> 0 | HW48: =ROUNDUP(HG48,0) -> 43554 | HX48: =HG48-HW48 -> 0 | HY48: =ROUNDUP(HH48,0) -> 0 | HZ48: =HH48-HY48 -> 0 | IA48: =ROUNDUP(HJ48,0) -> 3111 | IB48: =HJ48-IA48 -> 0 | IC48: =ROUNDUP(HK48,0) -> 0 | ID48: =HK48-IC48 -> 0 | IF48: =ROUNDUP(DR48,0) -> 0 | IG48: =DR48-IF48 -> 0 | IH48: =ROUNDUP(DT48,0) -> 3111 | II48: =DT48-IH48 -> 0 | IJ48: =ROUNDUP(DU48,0) -> 0 | IK48: =DU48-IJ48 -> 0 | IL48: =ROUNDUP(DV48,0) -> 0 | IM48: =DV48-IL48 -> 0 | IN48: =ROUNDUP(DX48,0) -> 3111 | IO48: =DX48-IN48 -> 0 | IP48: =ROUNDUP(DY48,0) -> 0 | IQ48: =DY48-IP48 -> 0 | IR48: =ROUNDUP(DZ48,0) -> 0 | IS48: =DZ48-IR48 -> 0 | IT48: =ROUNDUP(EB48,0) -> 3111 | IU48: =EB48-IT48 -> 0 | IV48: =ROUNDUP(EC48,0) -> 0 | IW48: =EC48-IV48 -> 0 | IY48: =DR48+GZ48 -> 14 | IZ48: =DS48 -> PACK | JA48: =DT48 -> 3111 | JB48: =IY48*JA48 -> 43554 | JC48: =DV48+HD48 -> 14 | JD48: =IZ48 -> PACK | JE48: =JA48 -> 3111 | JF48: =JC48*JE48 -> 43554 | JG48: =J48+IY48-JC48 -> 0 | JH48: =JD48 -> PACK | JI48: =JE48 -> 3111 | JJ48: =JG48*JI48 -> 0
B49: CABANG PENDIDIKAN WILAYAH X | C49: 5.1.02.01.01.0024 | E49: Penjepit Kertas No 155 | O49: =AY49 -> PACK | P49: =AZ49 -> 9953 | S49: =O49 -> PACK | T49: =P49 -> 9953 | U49: =R49*T49 -> 0 | V49: =J49+N49-R49 -> 0 | W49: =O49 -> PACK | X49: =P49 -> 9953 | Y49: =V49*X49 -> 0 | AA49: =W49 -> PACK | AB49: =X49 -> 9953 | AC49: =Z49*AB49 -> 0 | AE49: =AA49 -> PACK | AF49: =AB49 -> 9953 | AG49: =AD49*AF49 -> 0 | AH49: =V49+Z49-AD49 -> 0 | AI49: =AA49 -> PACK | AJ49: =AB49 -> 9953 | AK49: =AH49*AJ49 -> 0 | AM49: =AI49 -> PACK | AN49: =AJ49 -> 9953 | AO49: =AL49*AN49 -> 0 | AQ49: =AM49 -> PACK | AR49: =AN49 -> 9953 | AS49: =AP49*AR49 -> 0 | AT49: =AH49+AL49-AP49 -> 0 | AU49: =AM49 -> PACK | AV49: =AN49 -> 9953 | AW49: =AT49*AV49 -> 0 | AX49: 8 | AY49: PACK | AZ49: 9953 | BA49: =AX49*AZ49 -> 79624 | BC49: =AY49 -> PACK | BD49: =AZ49 -> 9953 | BE49: =BB49*BD49 -> 0 | BF49: =AT49+AX49-BB49 -> 8 | BG49: =AY49 -> PACK | BH49: =AZ49 -> 9953 | BI49: =BF49*BH49 -> 79624 | BK49: =BG49 -> PACK | BL49: =BH49 -> 9953 | BM49: =BJ49*BL49 -> 0 | BN49: 3 | BO49: =BK49 -> PACK | BP49: =BL49 -> 9953 | BQ49: =BN49*BP49 -> 29859 | BR49: =BF49+BJ49-BN49 -> 5 | BS49: =BK49 -> PACK | BT49: =BL49 -> 9953 | BU49: =BR49*BT49 -> 49765 | BW49: =BS49 -> PACK | BX49: =BT49 -> 9953 | BY49: =BV49*BX49 -> 0 | CA49: =BW49 -> PACK | CB49: =BX49 -> 9953 | CC49: =BZ49*CB49 -> 0 | CD49: =BR49+BV49-BZ49 -> 5 | CE49: =BW49 -> PACK | CF49: =BX49 -> 9953 | CG49: =CD49*CF49 -> 49765 | CI49: =CE49 -> PACK | CJ49: =CF49 -> 9953 | CK49: =CH49*CJ49 -> 0 | CL49: 2 | CM49: =CI49 -> PACK | CN49: =CJ49 -> 9953 | CO49: =CL49*CN49 -> 19906 | CP49: =CD49+CH49-CL49 -> 3 | CQ49: =CI49 -> PACK | CR49: =CJ49 -> 9953 | CS49: =CP49*CR49 -> 29859 | CT49: 7 | CU49: =CQ49 -> PACK | CV49: =CR49 -> 9953 | CW49: =CT49*CV49 -> 69671 | CX49: 3 | CY49: =CU49 -> PACK | CZ49: =CV49 -> 9953 | DA49: =CX49*CZ49 -> 29859 | DB49: =CP49+CT49-CX49 -> 7 | DC49: =CU49 -> PACK | DD49: =CV49 -> 9953 | DE49: =DB49*DD49 -> 69671 | DG49: =DC49 -> PACK | DH49: =DD49 -> 9953 | DI49: =DF49*DH49 -> 0 | DJ49: 6 | DK49: =DG49 -> PACK | DL49: =DH49 -> 9953 | DM49: =DJ49*DL49 -> 59718 | DN49: =DB49+DF49-DJ49 -> 1 | DO49: =DG49 -> PACK | DP49: =DH49 -> 9953 | DQ49: =DN49*DP49 -> 9953 | DS49: =DO49 -> PACK | DT49: =DP49 -> 9953 | DU49: =DR49*DT49 -> 0 | DV49: 1 | DW49: =DS49 -> PACK | DX49: =DT49 -> 9953 | DY49: =DV49*DX49 -> 9953 | DZ49: =DN49+DR49-DV49 -> 0 | EA49: =DS49 -> PACK | EB49: =DT49 -> 9953 | EC49: =DZ49*EB49 -> 0 | ED49: 3 | EE49: =EA49 -> PACK | EF49: =EB49 -> 9953 | EG49: =ED49*EF49 -> 29859 | EI49: =EE49 -> PACK | EJ49: =EF49 -> 9953 | EK49: =EH49*EJ49 -> 0 | EL49: =DZ49+ED49-EH49 -> 3 | EM49: =EE49 -> PACK | EN49: =EF49 -> 9953 | EO49: =EL49*EN49 -> 29859 | EQ49: =EM49 -> PACK | ER49: =EN49 -> 9953 | ES49: =EP49*ER49 -> 0 | ET49: 1 | EU49: =EQ49 -> PACK | EV49: =ER49 -> 9953 | EW49: =ET49*EV49 -> 9953 | EX49: =EL49+EP49-ET49 -> 2 | EY49: =EQ49 -> PACK | EZ49: =ER49 -> 9953 | FA49: =EX49*EZ49 -> 19906 | FB49: =N49+Z49+AL49 -> 0 | FC49: =AU49 -> PACK | FD49: =AV49 -> 9953 | FE49: =FB49*FD49 -> 0 | FF49: =R49+AD49+AP49 -> 0 | FG49: =FC49 -> PACK | FH49: =FD49 -> 9953 | FI49: =FF49*FH49 -> 0 | FJ49: =J49+FB49-FF49 -> 0 | FK49: =FG49 -> PACK | FL49: =FH49 -> 9953 | FM49: =FJ49*FL49 -> 0 | FN49: =AX49+BJ49+BV49 -> 8 | FO49: =FK49 -> PACK | FP49: =FL49 -> 9953 | FQ49: =FN49*FP49 -> 79624 | FR49: =BB49+BN49+BZ49 -> 3 | FS49: =FO49 -> PACK | FT49: =FP49 -> 9953 | FU49: =FR49*FT49 -> 29859 | FV49: =FJ49+FN49-FR49 -> 5 | FW49: =FS49 -> PACK | FX49: =FT49 -> 9953 | FY49: =FV49*FX49 -> 49765 | FZ49: =FB49+FN49 -> 8 | GA49: =FW49 -> PACK | GB49: =FX49 -> 9953 | GC49: =FZ49*GB49 -> 79624 | GD49: =FF49+FR49 -> 3 | GE49: =GA49 -> PACK | GF49: =GB49 -> 9953 | GG49: =GD49*GF49 -> 29859 | GH49: =J49+FZ49-GD49 -> 5 | GI49: =GE49 -> PACK | GJ49: =GF49 -> 9953 | GK49: =GH49*GJ49 -> 49765 | GM49: =CH49+CT49+DF49 -> 7 | GN49: =DO49 -> PACK | GO49: =DP49 -> 9953 | GP49: =GM49*GO49 -> 69671 | GQ49: =CL49+CX49+DJ49 -> 11 | GR49: =GN49 -> PACK | GS49: =GO49 -> 9953 | GT49: =GQ49*GS49 -> 109483 | GU49: =GH49+GM49-GQ49 -> 1 | GV49: =GR49 -> PACK | GW49: =GS49 -> 9953 | GX49: =GU49*GW49 -> 9953 | GZ49: =FZ49+GM49 -> 15 | HA49: =GV49 -> PACK | HB49: =GW49 -> 9953 | HC49: =GZ49*HB49 -> 149295 | HD49: =GD49+GQ49 -> 14 | HE49: =HA49 -> PACK | HF49: =HB49 -> 9953 | HG49: =HD49*HF49 -> 139342 | HH49: =J49+GZ49-HD49 -> 1 | HI49: =HE49 -> PACK | HJ49: =HF49 -> 9953 | HK49: =HH49*HJ49 -> 9953 | HL49: TIDAK | HM49: =ROUNDUP(GZ49,0) -> 15 | HN49: =GZ49-HM49 -> 0 | HO49: =ROUNDUP(HB49,0) -> 9953 | HP49: =HB49-HO49 -> 0 | HQ49: =ROUNDUP(HC49,0) -> 149295 | HR49: =HC49-HQ49 -> 0 | HS49: =ROUNDUP(HD49,0) -> 14 | HT49: =HD49-HS49 -> 0 | HU49: =ROUNDUP(HF49,0) -> 9953 | HV49: =HF49-HU49 -> 0 | HW49: =ROUNDUP(HG49,0) -> 139342 | HX49: =HG49-HW49 -> 0 | HY49: =ROUNDUP(HH49,0) -> 1 | HZ49: =HH49-HY49 -> 0 | IA49: =ROUNDUP(HJ49,0) -> 9953 | IB49: =HJ49-IA49 -> 0 | IC49: =ROUNDUP(HK49,0) -> 9953 | ID49: =HK49-IC49 -> 0 | IF49: =ROUNDUP(DR49,0) -> 0 | IG49: =DR49-IF49 -> 0 | IH49: =ROUNDUP(DT49,0) -> 9953 | II49: =DT49-IH49 -> 0 | IJ49: =ROUNDUP(DU49,0) -> 0 | IK49: =DU49-IJ49 -> 0 | IL49: =ROUNDUP(DV49,0) -> 1 | IM49: =DV49-IL49 -> 0 | IN49: =ROUNDUP(DX49,0) -> 9953 | IO49: =DX49-IN49 -> 0 | IP49: =ROUNDUP(DY49,0) -> 9953 | IQ49: =DY49-IP49 -> 0 | IR49: =ROUNDUP(DZ49,0) -> 0 | IS49: =DZ49-IR49 -> 0 | IT49: =ROUNDUP(EB49,0) -> 9953 | IU49: =EB49-IT49 -> 0 | IV49: =ROUNDUP(EC49,0) -> 0 | IW49: =EC49-IV49 -> 0 | IY49: =DR49+GZ49 -> 15 | IZ49: =DS49 -> PACK | JA49: =DT49 -> 9953 | JB49: =IY49*JA49 -> 149295 | JC49: =DV49+HD49 -> 15 | JD49: =IZ49 -> PACK | JE49: =JA49 -> 9953 | JF49: =JC49*JE49 -> 149295 | JG49: =J49+IY49-JC49 -> 0 | JH49: =JD49 -> PACK | JI49: =JE49 -> 9953 | JJ49: =JG49*JI49 -> 0
B50: CABANG PENDIDIKAN WILAYAH X | C50: 5.1.02.01.01.0024 | E50: Penjepit Kertas No 260 | O50: =AY50 -> PACK | P50: =AZ50 -> 16069 | S50: =O50 -> PACK | T50: =P50 -> 16069 | U50: =R50*T50 -> 0 | V50: =J50+N50-R50 -> 0 | W50: =O50 -> PACK | X50: =P50 -> 16069 | Y50: =V50*X50 -> 0 | AA50: =W50 -> PACK | AB50: =X50 -> 16069 | AC50: =Z50*AB50 -> 0 | AE50: =AA50 -> PACK | AF50: =AB50 -> 16069 | AG50: =AD50*AF50 -> 0 | AH50: =V50+Z50-AD50 -> 0 | AI50: =AA50 -> PACK | AJ50: =AB50 -> 16069 | AK50: =AH50*AJ50 -> 0 | AM50: =AI50 -> PACK | AN50: =AJ50 -> 16069 | AO50: =AL50*AN50 -> 0 | AQ50: =AM50 -> PACK | AR50: =AN50 -> 16069 | AS50: =AP50*AR50 -> 0 | AT50: =AH50+AL50-AP50 -> 0 | AU50: =AM50 -> PACK | AV50: =AN50 -> 16069 | AW50: =AT50*AV50 -> 0 | AX50: 8 | AY50: PACK | AZ50: 16069 | BA50: =AX50*AZ50 -> 128552 | BC50: =AY50 -> PACK | BD50: =AZ50 -> 16069 | BE50: =BB50*BD50 -> 0 | BF50: =AT50+AX50-BB50 -> 8 | BG50: =AY50 -> PACK | BH50: =AZ50 -> 16069 | BI50: =BF50*BH50 -> 128552 | BK50: =BG50 -> PACK | BL50: =BH50 -> 16069 | BM50: =BJ50*BL50 -> 0 | BN50: 2 | BO50: =BK50 -> PACK | BP50: =BL50 -> 16069 | BQ50: =BN50*BP50 -> 32138 | BR50: =BF50+BJ50-BN50 -> 6 | BS50: =BK50 -> PACK | BT50: =BL50 -> 16069 | BU50: =BR50*BT50 -> 96414 | BW50: =BS50 -> PACK | BX50: =BT50 -> 16069 | BY50: =BV50*BX50 -> 0 | CA50: =BW50 -> PACK | CB50: =BX50 -> 16069 | CC50: =BZ50*CB50 -> 0 | CD50: =BR50+BV50-BZ50 -> 6 | CE50: =BW50 -> PACK | CF50: =BX50 -> 16069 | CG50: =CD50*CF50 -> 96414 | CI50: =CE50 -> PACK | CJ50: =CF50 -> 16069 | CK50: =CH50*CJ50 -> 0 | CL50: 3 | CM50: =CI50 -> PACK | CN50: =CJ50 -> 16069 | CO50: =CL50*CN50 -> 48207 | CP50: =CD50+CH50-CL50 -> 3 | CQ50: =CI50 -> PACK | CR50: =CJ50 -> 16069 | CS50: =CP50*CR50 -> 48207 | CT50: 2 | CU50: =CQ50 -> PACK | CV50: =CR50 -> 16069 | CW50: =CT50*CV50 -> 32138 | CX50: 2 | CY50: =CU50 -> PACK | CZ50: =CV50 -> 16069 | DA50: =CX50*CZ50 -> 32138 | DB50: =CP50+CT50-CX50 -> 3 | DC50: =CU50 -> PACK | DD50: =CV50 -> 16069 | DE50: =DB50*DD50 -> 48207 | DG50: =DC50 -> PACK | DH50: =DD50 -> 16069 | DI50: =DF50*DH50 -> 0 | DJ50: 1 | DK50: =DG50 -> PACK | DL50: =DH50 -> 16069 | DM50: =DJ50*DL50 -> 16069 | DN50: =DB50+DF50-DJ50 -> 2 | DO50: =DG50 -> PACK | DP50: =DH50 -> 16069 | DQ50: =DN50*DP50 -> 32138 | DS50: =DO50 -> PACK | DT50: =DP50 -> 16069 | DU50: =DR50*DT50 -> 0 | DW50: =DS50 -> PACK | DX50: =DT50 -> 16069 | DY50: =DV50*DX50 -> 0 | DZ50: =DN50+DR50-DV50 -> 2 | EA50: =DS50 -> PACK | EB50: =DT50 -> 16069 | EC50: =DZ50*EB50 -> 32138 | ED50: 5 | EE50: =EA50 -> PACK | EF50: =EB50 -> 16069 | EG50: =ED50*EF50 -> 80345 | EI50: =EE50 -> PACK | EJ50: =EF50 -> 16069 | EK50: =EH50*EJ50 -> 0 | EL50: =DZ50+ED50-EH50 -> 7 | EM50: =EE50 -> PACK | EN50: =EF50 -> 16069 | EO50: =EL50*EN50 -> 112483 | EQ50: =EM50 -> PACK | ER50: =EN50 -> 16069 | ES50: =EP50*ER50 -> 0 | ET50: 1 | EU50: =EQ50 -> PACK | EV50: =ER50 -> 16069 | EW50: =ET50*EV50 -> 16069 | EX50: =EL50+EP50-ET50 -> 6 | EY50: =EQ50 -> PACK | EZ50: =ER50 -> 16069 | FA50: =EX50*EZ50 -> 96414 | FB50: =N50+Z50+AL50 -> 0 | FC50: =AU50 -> PACK | FD50: =AV50 -> 16069 | FE50: =FB50*FD50 -> 0 | FF50: =R50+AD50+AP50 -> 0 | FG50: =FC50 -> PACK | FH50: =FD50 -> 16069 | FI50: =FF50*FH50 -> 0 | FJ50: =J50+FB50-FF50 -> 0 | FK50: =FG50 -> PACK | FL50: =FH50 -> 16069 | FM50: =FJ50*FL50 -> 0 | FN50: =AX50+BJ50+BV50 -> 8 | FO50: =FK50 -> PACK | FP50: =FL50 -> 16069 | FQ50: =FN50*FP50 -> 128552 | FR50: =BB50+BN50+BZ50 -> 2 | FS50: =FO50 -> PACK | FT50: =FP50 -> 16069 | FU50: =FR50*FT50 -> 32138 | FV50: =FJ50+FN50-FR50 -> 6 | FW50: =FS50 -> PACK | FX50: =FT50 -> 16069 | FY50: =FV50*FX50 -> 96414 | FZ50: =FB50+FN50 -> 8 | GA50: =FW50 -> PACK | GB50: =FX50 -> 16069 | GC50: =FZ50*GB50 -> 128552 | GD50: =FF50+FR50 -> 2 | GE50: =GA50 -> PACK | GF50: =GB50 -> 16069 | GG50: =GD50*GF50 -> 32138 | GH50: =J50+FZ50-GD50 -> 6 | GI50: =GE50 -> PACK | GJ50: =GF50 -> 16069 | GK50: =GH50*GJ50 -> 96414 | GM50: =CH50+CT50+DF50 -> 2 | GN50: =DO50 -> PACK | GO50: =DP50 -> 16069 | GP50: =GM50*GO50 -> 32138 | GQ50: =CL50+CX50+DJ50 -> 6 | GR50: =GN50 -> PACK | GS50: =GO50 -> 16069 | GT50: =GQ50*GS50 -> 96414 | GU50: =GH50+GM50-GQ50 -> 2 | GV50: =GR50 -> PACK | GW50: =GS50 -> 16069 | GX50: =GU50*GW50 -> 32138 | GZ50: =FZ50+GM50 -> 10 | HA50: =GV50 -> PACK | HB50: =GW50 -> 16069 | HC50: =GZ50*HB50 -> 160690 | HD50: =GD50+GQ50 -> 8 | HE50: =HA50 -> PACK | HF50: =HB50 -> 16069 | HG50: =HD50*HF50 -> 128552 | HH50: =J50+GZ50-HD50 -> 2 | HI50: =HE50 -> PACK | HJ50: =HF50 -> 16069 | HK50: =HH50*HJ50 -> 32138 | HL50: TIDAK | HM50: =ROUNDUP(GZ50,0) -> 10 | HN50: =GZ50-HM50 -> 0 | HO50: =ROUNDUP(HB50,0) -> 16069 | HP50: =HB50-HO50 -> 0 | HQ50: =ROUNDUP(HC50,0) -> 160690 | HR50: =HC50-HQ50 -> 0 | HS50: =ROUNDUP(HD50,0) -> 8 | HT50: =HD50-HS50 -> 0 | HU50: =ROUNDUP(HF50,0) -> 16069 | HV50: =HF50-HU50 -> 0 | HW50: =ROUNDUP(HG50,0) -> 128552 | HX50: =HG50-HW50 -> 0 | HY50: =ROUNDUP(HH50,0) -> 2 | HZ50: =HH50-HY50 -> 0 | IA50: =ROUNDUP(HJ50,0) -> 16069 | IB50: =HJ50-IA50 -> 0 | IC50: =ROUNDUP(HK50,0) -> 32138 | ID50: =HK50-IC50 -> 0 | IF50: =ROUNDUP(DR50,0) -> 0 | IG50: =DR50-IF50 -> 0 | IH50: =ROUNDUP(DT50,0) -> 16069 | II50: =DT50-IH50 -> 0 | IJ50: =ROUNDUP(DU50,0) -> 0 | IK50: =DU50-IJ50 -> 0 | IL50: =ROUNDUP(DV50,0) -> 0 | IM50: =DV50-IL50 -> 0 | IN50: =ROUNDUP(DX50,0) -> 16069 | IO50: =DX50-IN50 -> 0 | IP50: =ROUNDUP(DY50,0) -> 0 | IQ50: =DY50-IP50 -> 0 | IR50: =ROUNDUP(DZ50,0) -> 2 | IS50: =DZ50-IR50 -> 0 | IT50: =ROUNDUP(EB50,0) -> 16069 | IU50: =EB50-IT50 -> 0 | IV50: =ROUNDUP(EC50,0) -> 32138 | IW50: =EC50-IV50 -> 0 | IY50: =DR50+GZ50 -> 10 | IZ50: =DS50 -> PACK | JA50: =DT50 -> 16069 | JB50: =IY50*JA50 -> 160690 | JC50: =DV50+HD50 -> 8 | JD50: =IZ50 -> PACK | JE50: =JA50 -> 16069 | JF50: =JC50*JE50 -> 128552 | JG50: =J50+IY50-JC50 -> 2 | JH50: =JD50 -> PACK | JI50: =JE50 -> 16069 | JJ50: =JG50*JI50 -> 32138
